observation_id,run_id,flight_id,observed_at,observation_date,observation_hour,flight_date,days_to_departure,origin,destination,airline,flight_number,departure_at,arrival_at,price,currency,source,price_type,account_used
23,B_20261004_161648,VJ120_SGN_HAN_20261014T0500,2026-10-04T16:16:49.734617+07:00,2026-10-04,16,2026-10-14,10,SGN,HAN,Vietjet,VJ 120,2026-10-14 05:00,2026-10-14 07:10,1642781.0,VND,SerpAPI Google Flights,current_observed,B
62,B_20261004_161648,VN6002_SGN_HAN_20261014T0500,2026-10-04T16:16:49.734617+07:00,2026-10-04,16,2026-10-14,10,SGN,HAN,Vietnam Airlines,VN 6002,2026-10-14 05:00,2026-10-14 07:10,2284181.0,VND,SerpAPI Google Flights,current_observed,B
12,B_20261004_161648,9G802_SGN_HAN_20261014T0515,2026-10-04T16:16:49.734617+07:00,2026-10-04,16,2026-10-14,10,SGN,HAN,Sun PhuQuoc Airways,9G 802,2026-10-14 05:15,2026-10-14 07:25,1381181.0,VND,SerpAPI Google Flights,current_observed,B
9,B_20261004_161648,VU750_SGN_HAN_20261014T0535,2026-10-04T16:16:49.734617+07:00,2026-10-04,16,2026-10-14,10,SGN,HAN,Vietravel Airlines,VU 750,2026-10-14 05:35,2026-10-14 07:45,1234221.0,VND,SerpAPI Google Flights,current_observed,B
13,B_20261004_161648,9G804_SGN_HAN_20261014T0545,2026-10-04T16:16:49.734617+07:00,2026-10-04,16,2026-10-14,10,SGN,HAN,Sun PhuQuoc Airways,9G 804,2026-10-14 05:45,2026-10-14 07:55,1381181.0,VND,SerpAPI Google Flights,current_observed,B
44,B_20261004_161648,VN206_SGN_HAN_20261014T0600,2026-10-04T16:16:49.734617+07:00,2026-10-04,16,2026-10-14,10,SGN,HAN,Vietnam Airlines,VN 206,2026-10-14 06:00,2026-10-14 08:10,1949181.0,VND,SerpAPI Google Flights,current_observed,B
24,B_20261004_161648,VJ124_SGN_HAN_20261014T0605,2026-10-04T16:16:49.734617+07:00,2026-10-04,16,2026-10-14,10,SGN,HAN,Vietjet,VJ 124,2026-10-14 06:05,2026-10-14 08:15,1642781.0,VND,SerpAPI Google Flights,current_observed,B
45,B_20261004_161648,VN7204_SGN_HAN_20261014T0625,2026-10-04T16:16:49.734617+07:00,2026-10-04,16,2026-10-14,10,SGN,HAN,Vietnam Airlines,VN 7204,2026-10-14 06:25,2026-10-14 08:35,1949181.0,VND,SerpAPI Google Flights,current_observed,B
16,B_20261004_161648,9G808_SGN_HAN_20261014T0630,2026-10-04T16:16:49.734617+07:00,2026-10-04,16,2026-10-14,10,SGN,HAN,Sun PhuQuoc Airways,9G 808,2026-10-14 06:30,2026-10-14 08:40,1575181.0,VND,SerpAPI Google Flights,current_observed,B
39,B_20261004_161648,VJ122_SGN_HAN_20261014T0655,2026-10-04T16:16:49.734617+07:00,2026-10-04,16,2026-10-14,10,SGN,HAN,Vietjet,VJ 122,2026-10-14 06:55,2026-10-14 09:05,1772381.0,VND,SerpAPI Google Flights,current_observed,B
10,B_20261004_161648,VU774_SGN_HAN_20261014T0700,2026-10-04T16:16:49.734617+07:00,2026-10-04,16,2026-10-14,10,SGN,HAN,Vietravel Airlines,VU 774,2026-10-14 07:00,2026-10-14 09:10,1234221.0,VND,SerpAPI Google Flights,current_observed,B
53,B_20261004_161648,VN240_SGN_HAN_20261014T0700,2026-10-04T16:16:49.734617+07:00,2026-10-04,16,2026-10-14,10,SGN,HAN,Vietnam Airlines,VN 240,2026-10-14 07:00,2026-10-14 09:10,2186181.0,VND,SerpAPI Google Flights,current_observed,B
17,B_20261004_161648,9G810_SGN_HAN_20261014T0705,2026-10-04T16:16:49.734617+07:00,2026-10-04,16,2026-10-14,10,SGN,HAN,Sun PhuQuoc Airways,9G 810,2026-10-14 07:05,2026-10-14 09:15,1575181.0,VND,SerpAPI Google Flights,current_observed,B
25,B_20261004_161648,VJ126_SGN_HAN_20261014T0730,2026-10-04T16:16:49.734617+07:00,2026-10-04,16,2026-10-14,10,SGN,HAN,Vietjet,VJ 126,2026-10-14 07:30,2026-10-14 09:40,1642781.0,VND,SerpAPI Google Flights,current_observed,B
54,B_20261004_161648,VN208_SGN_HAN_20261014T0800,2026-10-04T16:16:49.734617+07:00,2026-10-04,16,2026-10-14,10,SGN,HAN,Vietnam Airlines,VN 208,2026-10-14 08:00,2026-10-14 10:10,2186181.0,VND,SerpAPI Google Flights,current_observed,B
40,B_20261004_161648,VJ130_SGN_HAN_20261014T0840,2026-10-04T16:16:49.734617+07:00,2026-10-04,16,2026-10-14,10,SGN,HAN,Vietjet,VJ 130,2026-10-14 08:40,2026-10-14 10:50,1772381.0,VND,SerpAPI Google Flights,current_observed,B
50,B_20261004_161648,9G820_SGN_HAN_20261014T0845,2026-10-04T16:16:49.734617+07:00,2026-10-04,16,2026-10-14,10,SGN,HAN,Sun PhuQuoc Airways,9G 820,2026-10-14 08:45,2026-10-14 10:55,1975181.0,VND,SerpAPI Google Flights,current_observed,B
55,B_20261004_161648,VN244_SGN_HAN_20261014T0900,2026-10-04T16:16:49.734617+07:00,2026-10-04,16,2026-10-14,10,SGN,HAN,Vietnam Airlines,VN 244,2026-10-14 09:00,2026-10-14 11:10,2186181.0,VND,SerpAPI Google Flights,current_observed,B
51,B_20261004_161648,9G824_SGN_HAN_20261014T0925,2026-10-04T16:16:49.734617+07:00,2026-10-04,16,2026-10-14,10,SGN,HAN,Sun PhuQuoc Airways,9G 824,2026-10-14 09:25,2026-10-14 11:35,1975181.0,VND,SerpAPI Google Flights,current_observed,B
41,B_20261004_161648,VJ128_SGN_HAN_20261014T0940,2026-10-04T16:16:49.734617+07:00,2026-10-04,16,2026-10-14,10,SGN,HAN,Vietjet,VJ 128,2026-10-14 09:40,2026-10-14 11:50,1772381.0,VND,SerpAPI Google Flights,current_observed,B
56,B_20261004_161648,VN210_SGN_HAN_20261014T1000,2026-10-04T16:16:49.734617+07:00,2026-10-04,16,2026-10-14,10,SGN,HAN,Vietnam Airlines,VN 210,2026-10-14 10:00,2026-10-14 12:10,2186181.0,VND,SerpAPI Google Flights,current_observed,B
18,B_20261004_161648,9G832_SGN_HAN_20261014T1100,2026-10-04T16:16:49.734617+07:00,2026-10-04,16,2026-10-14,10,SGN,HAN,Sun PhuQuoc Airways,9G 832,2026-10-14 11:00,2026-10-14 13:10,1575181.0,VND,SerpAPI Google Flights,current_observed,B
57,B_20261004_161648,VN246_SGN_HAN_20261014T1100,2026-10-04T16:16:49.734617+07:00,2026-10-04,16,2026-10-14,10,SGN,HAN,Vietnam Airlines,VN 246,2026-10-14 11:00,2026-10-14 13:10,2186181.0,VND,SerpAPI Google Flights,current_observed,B
42,B_20261004_161648,VJ134_SGN_HAN_20261014T1120,2026-10-04T16:16:49.734617+07:00,2026-10-04,16,2026-10-14,10,SGN,HAN,Vietjet,VJ 134,2026-10-14 11:20,2026-10-14 13:30,1772381.0,VND,SerpAPI Google Flights,current_observed,B
26,B_20261004_161648,VJ136_SGN_HAN_20261014T1200,2026-10-04T16:16:49.734617+07:00,2026-10-04,16,2026-10-14,10,SGN,HAN,Vietjet,VJ 136,2026-10-14 12:00,2026-10-14 14:10,1642781.0,VND,SerpAPI Google Flights,current_observed,B
58,B_20261004_161648,VN212_SGN_HAN_20261014T1200,2026-10-04T16:16:49.734617+07:00,2026-10-04,16,2026-10-14,10,SGN,HAN,Vietnam Airlines,VN 212,2026-10-14 12:00,2026-10-14 14:10,2186181.0,VND,SerpAPI Google Flights,current_observed,B
19,B_20261004_161648,9G840_SGN_HAN_20261014T1225,2026-10-04T16:16:49.734617+07:00,2026-10-04,16,2026-10-14,10,SGN,HAN,Sun PhuQuoc Airways,9G 840,2026-10-14 12:25,2026-10-14 14:35,1575181.0,VND,SerpAPI Google Flights,current_observed,B
11,B_20261004_161648,VU778_SGN_HAN_20261014T1240,2026-10-04T16:16:49.734617+07:00,2026-10-04,16,2026-10-14,10,SGN,HAN,Vietravel Airlines,VU 778,2026-10-14 12:40,2026-10-14 14:50,1374621.0,VND,SerpAPI Google Flights,current_observed,B
59,B_20261004_161648,VN248_SGN_HAN_20261014T1300,2026-10-04T16:16:49.734617+07:00,2026-10-04,16,2026-10-14,10,SGN,HAN,Vietnam Airlines,VN 248,2026-10-14 13:00,2026-10-14 15:10,2186181.0,VND,SerpAPI Google Flights,current_observed,B
43,B_20261004_161648,VJ138_SGN_HAN_20261014T1305,2026-10-04T16:16:49.734617+07:00,2026-10-04,16,2026-10-14,10,SGN,HAN,Vietjet,VJ 138,2026-10-14 13:05,2026-10-14 15:15,1772381.0,VND,SerpAPI Google Flights,current_observed,B
60,B_20261004_161648,VN214_SGN_HAN_20261014T1400,2026-10-04T16:16:49.734617+07:00,2026-10-04,16,2026-10-14,10,SGN,HAN,Vietnam Airlines,VN 214,2026-10-14 14:00,2026-10-14 16:10,2186181.0,VND,SerpAPI Google Flights,current_observed,B
20,B_20261004_161648,9G846_SGN_HAN_20261014T1410,2026-10-04T16:16:49.734617+07:00,2026-10-04,16,2026-10-14,10,SGN,HAN,Sun PhuQuoc Airways,9G 846,2026-10-14 14:10,2026-10-14 16:20,1575181.0,VND,SerpAPI Google Flights,current_observed,B
52,B_20261004_161648,VJ140_SGN_HAN_20261014T1420,2026-10-04T16:16:49.734617+07:00,2026-10-04,16,2026-10-14,10,SGN,HAN,Vietjet,VJ 140,2026-10-14 14:20,2026-10-14 16:30,2074781.0,VND,SerpAPI Google Flights,current_observed,B
61,B_20261004_161648,VN250_SGN_HAN_20261014T1500,2026-10-04T16:16:49.734617+07:00,2026-10-04,16,2026-10-14,10,SGN,HAN,Vietnam Airlines,VN 250,2026-10-14 15:00,2026-10-14 17:10,2186181.0,VND,SerpAPI Google Flights,current_observed,B
38,B_20261004_161648,9G854_SGN_HAN_20261014T1530,2026-10-04T16:16:49.734617+07:00,2026-10-04,16,2026-10-14,10,SGN,HAN,Sun PhuQuoc Airways,9G 854,2026-10-14 15:30,2026-10-14 17:40,1737181.0,VND,SerpAPI Google Flights,current_observed,B
27,B_20261004_161648,VJ144_SGN_HAN_20261014T1555,2026-10-04T16:16:49.734617+07:00,2026-10-04,16,2026-10-14,10,SGN,HAN,Vietjet,VJ 144,2026-10-14 15:55,2026-10-14 18:05,1642781.0,VND,SerpAPI Google Flights,current_observed,B
46,B_20261004_161648,VN216_SGN_HAN_20261014T1600,2026-10-04T16:16:49.734617+07:00,2026-10-04,16,2026-10-14,10,SGN,HAN,Vietnam Airlines,VN 216,2026-10-14 16:00,2026-10-14 18:10,1949181.0,VND,SerpAPI Google Flights,current_observed,B
28,B_20261004_161648,VJ148_SGN_HAN_20261014T1615,2026-10-04T16:16:49.734617+07:00,2026-10-04,16,2026-10-14,10,SGN,HAN,Vietjet,VJ 148,2026-10-14 16:15,2026-10-14 18:25,1642781.0,VND,SerpAPI Google Flights,current_observed,B
47,B_20261004_161648,VN252_SGN_HAN_20261014T1640,2026-10-04T16:16:49.734617+07:00,2026-10-04,16,2026-10-14,10,SGN,HAN,Vietnam Airlines,VN 252,2026-10-14 16:40,2026-10-14 18:50,1949181.0,VND,SerpAPI Google Flights,current_observed,B
29,B_20261004_161648,VJ146_SGN_HAN_20261014T1645,2026-10-04T16:16:49.734617+07:00,2026-10-04,16,2026-10-14,10,SGN,HAN,Vietjet,VJ 146,2026-10-14 16:45,2026-10-14 18:55,1642781.0,VND,SerpAPI Google Flights,current_observed,B
48,B_20261004_161648,VN254_SGN_HAN_20261014T1700,2026-10-04T16:16:49.734617+07:00,2026-10-04,16,2026-10-14,10,SGN,HAN,Vietnam Airlines,VN 254,2026-10-14 17:00,2026-10-14 19:10,1949181.0,VND,SerpAPI Google Flights,current_observed,B
1,B_20261004_161648,VU780_SGN_HAN_20261014T1710,2026-10-04T16:16:49.734617+07:00,2026-10-04,16,2026-10-14,10,SGN,HAN,Vietravel Airlines,VU 780,2026-10-14 17:10,2026-10-14 19:20,1234221.0,VND,SerpAPI Google Flights,current_observed,B
30,B_20261004_161648,VJ152_SGN_HAN_20261014T1710,2026-10-04T16:16:49.734617+07:00,2026-10-04,16,2026-10-14,10,SGN,HAN,Vietjet,VJ 152,2026-10-14 17:10,2026-10-14 19:20,1642781.0,VND,SerpAPI Google Flights,current_observed,B
31,B_20261004_161648,VJ150_SGN_HAN_20261014T1740,2026-10-04T16:16:49.734617+07:00,2026-10-04,16,2026-10-14,10,SGN,HAN,Vietjet,VJ 150,2026-10-14 17:40,2026-10-14 19:50,1642781.0,VND,SerpAPI Google Flights,current_observed,B
21,B_20261004_161648,9G860_SGN_HAN_20261014T1800,2026-10-04T16:16:49.734617+07:00,2026-10-04,16,2026-10-14,10,SGN,HAN,Sun PhuQuoc Airways,9G 860,2026-10-14 18:00,2026-10-14 20:10,1575181.0,VND,SerpAPI Google Flights,current_observed,B
49,B_20261004_161648,VN218_SGN_HAN_20261014T1800,2026-10-04T16:16:49.734617+07:00,2026-10-04,16,2026-10-14,10,SGN,HAN,Vietnam Airlines,VN 218,2026-10-14 18:00,2026-10-14 20:10,1949181.0,VND,SerpAPI Google Flights,current_observed,B
22,B_20261004_161648,9G868_SGN_HAN_20261014T1845,2026-10-04T16:16:49.734617+07:00,2026-10-04,16,2026-10-14,10,SGN,HAN,Sun PhuQuoc Airways,9G 868,2026-10-14 18:45,2026-10-14 20:55,1575181.0,VND,SerpAPI Google Flights,current_observed,B
32,B_20261004_161648,VJ154_SGN_HAN_20261014T1845,2026-10-04T16:16:49.734617+07:00,2026-10-04,16,2026-10-14,10,SGN,HAN,Vietjet,VJ 154,2026-10-14 18:45,2026-10-14 20:55,1642781.0,VND,SerpAPI Google Flights,current_observed,B
34,B_20261004_161648,VN258_SGN_HAN_20261014T1900,2026-10-04T16:16:49.734617+07:00,2026-10-04,16,2026-10-14,10,SGN,HAN,Vietnam Airlines,VN 258,2026-10-14 19:00,2026-10-14 21:10,1722181.0,VND,SerpAPI Google Flights,current_observed,B
35,B_20261004_161648,VN220_SGN_HAN_20261014T2000,2026-10-04T16:16:49.734617+07:00,2026-10-04,16,2026-10-14,10,SGN,HAN,Vietnam Airlines,VN 220,2026-10-14 20:00,2026-10-14 22:10,1722181.0,VND,SerpAPI Google Flights,current_observed,B
33,B_20261004_161648,VJ160_SGN_HAN_20261014T2030,2026-10-04T16:16:49.734617+07:00,2026-10-04,16,2026-10-14,10,SGN,HAN,Vietjet,VJ 160,2026-10-14 20:30,2026-10-14 22:40,1642781.0,VND,SerpAPI Google Flights,current_observed,B
36,B_20261004_161648,VN256_SGN_HAN_20261014T2030,2026-10-04T16:16:49.734617+07:00,2026-10-04,16,2026-10-14,10,SGN,HAN,Vietnam Airlines,VN 256,2026-10-14 20:30,2026-10-14 22:40,1722181.0,VND,SerpAPI Google Flights,current_observed,B
5,B_20261004_161648,VJ1156_SGN_HAN_20261014T2040,2026-10-04T16:16:49.734617+07:00,2026-10-04,16,2026-10-14,10,SGN,HAN,Vietjet,VJ 1156,2026-10-14 20:40,2026-10-14 22:55,1231301.0,VND,SerpAPI Google Flights,current_observed,B
4,B_20261004_161648,QH268_SGN_HAN_20261014T2055,2026-10-04T16:16:49.734617+07:00,2026-10-04,16,2026-10-14,10,SGN,HAN,Bamboo Airways,QH 268,2026-10-14 20:55,2026-10-14 23:05,,VND,SerpAPI Google Flights,current_observed,B
37,B_20261004_161648,VN260_SGN_HAN_20261014T2100,2026-10-04T16:16:49.734617+07:00,2026-10-04,16,2026-10-14,10,SGN,HAN,Vietnam Airlines,VN 260,2026-10-14 21:00,2026-10-14 23:10,1722181.0,VND,SerpAPI Google Flights,current_observed,B
14,B_20261004_161648,9G882_SGN_HAN_20261014T2155,2026-10-04T16:16:49.734617+07:00,2026-10-04,16,2026-10-14,10,SGN,HAN,Sun PhuQuoc Airways,9G 882,2026-10-14 21:55,2026-10-15 00:05,1381181.0,VND,SerpAPI Google Flights,current_observed,B
2,B_20261004_161648,VN224_SGN_HAN_20261014T2200,2026-10-04T16:16:49.734617+07:00,2026-10-04,16,2026-10-14,10,SGN,HAN,Vietnam Airlines,VN 224,2026-10-14 22:00,2026-10-15 00:10,1290181.0,VND,SerpAPI Google Flights,current_observed,B
6,B_20261004_161648,VJ1128_SGN_HAN_20261014T2215,2026-10-04T16:16:49.734617+07:00,2026-10-04,16,2026-10-14,10,SGN,HAN,Vietjet,VJ 1128,2026-10-14 22:15,2026-10-15 00:25,1231301.0,VND,SerpAPI Google Flights,current_observed,B
7,B_20261004_161648,VJ162_SGN_HAN_20261014T2240,2026-10-04T16:16:49.734617+07:00,2026-10-04,16,2026-10-14,10,SGN,HAN,Vietjet,VJ 162,2026-10-14 22:40,2026-10-15 00:50,1231301.0,VND,SerpAPI Google Flights,current_observed,B
15,B_20261004_161648,9G886_SGN_HAN_20261014T2250,2026-10-04T16:16:49.734617+07:00,2026-10-04,16,2026-10-14,10,SGN,HAN,Sun PhuQuoc Airways,9G 886,2026-10-14 22:50,2026-10-15 01:00,1381181.0,VND,SerpAPI Google Flights,current_observed,B
3,B_20261004_161648,VN270_SGN_HAN_20261014T2300,2026-10-04T16:16:49.734617+07:00,2026-10-04,16,2026-10-14,10,SGN,HAN,Vietnam Airlines,VN 270,2026-10-14 23:00,2026-10-15 01:10,1290181.0,VND,SerpAPI Google Flights,current_observed,B
8,B_20261004_161648,VJ168_SGN_HAN_20261014T2300,2026-10-04T16:16:49.734617+07:00,2026-10-04,16,2026-10-14,10,SGN,HAN,Vietjet,VJ 168,2026-10-14 23:00,2026-10-15 01:10,1231301.0,VND,SerpAPI Google Flights,current_observed,B
89,C_20261005_052841,VJ120_SGN_HAN_20261014T0500,2026-10-05T05:28:42.958027+07:00,2026-10-05,5,2026-10-14,9,SGN,HAN,Vietjet,VJ 120,2026-10-14 05:00,2026-10-14 07:10,1772381.0,VND,SerpAPI Google Flights,current_observed,C
124,C_20261005_052841,VN6002_SGN_HAN_20261014T0500,2026-10-05T05:28:42.958027+07:00,2026-10-05,5,2026-10-14,9,SGN,HAN,Vietnam Airlines,VN 6002,2026-10-14 05:00,2026-10-14 07:10,2494181.0,VND,SerpAPI Google Flights,current_observed,C
67,C_20261005_052841,9G802_SGN_HAN_20261014T0515,2026-10-05T05:28:42.958027+07:00,2026-10-05,5,2026-10-14,9,SGN,HAN,Sun PhuQuoc Airways,9G 802,2026-10-14 05:15,2026-10-14 07:25,1381181.0,VND,SerpAPI Google Flights,current_observed,C
71,C_20261005_052841,VU750_SGN_HAN_20261014T0535,2026-10-05T05:28:42.958027+07:00,2026-10-05,5,2026-10-14,9,SGN,HAN,Vietravel Airlines,VU 750,2026-10-14 05:35,2026-10-14 07:45,1234221.0,VND,SerpAPI Google Flights,current_observed,C
74,C_20261005_052841,9G804_SGN_HAN_20261014T0545,2026-10-05T05:28:42.958027+07:00,2026-10-05,5,2026-10-14,9,SGN,HAN,Sun PhuQuoc Airways,9G 804,2026-10-14 05:45,2026-10-14 07:55,1381181.0,VND,SerpAPI Google Flights,current_observed,C
107,C_20261005_052841,VN206_SGN_HAN_20261014T0600,2026-10-05T05:28:42.958027+07:00,2026-10-05,5,2026-10-14,9,SGN,HAN,Vietnam Airlines,VN 206,2026-10-14 06:00,2026-10-14 08:10,1949181.0,VND,SerpAPI Google Flights,current_observed,C
90,C_20261005_052841,VJ124_SGN_HAN_20261014T0605,2026-10-05T05:28:42.958027+07:00,2026-10-05,5,2026-10-14,9,SGN,HAN,Vietjet,VJ 124,2026-10-14 06:05,2026-10-14 08:15,1772381.0,VND,SerpAPI Google Flights,current_observed,C
108,C_20261005_052841,VN7204_SGN_HAN_20261014T0625,2026-10-05T05:28:42.958027+07:00,2026-10-05,5,2026-10-14,9,SGN,HAN,Vietnam Airlines,VN 7204,2026-10-14 06:25,2026-10-14 08:35,1949181.0,VND,SerpAPI Google Flights,current_observed,C
76,C_20261005_052841,9G808_SGN_HAN_20261014T0630,2026-10-05T05:28:42.958027+07:00,2026-10-05,5,2026-10-14,9,SGN,HAN,Sun PhuQuoc Airways,9G 808,2026-10-14 06:30,2026-10-14 08:40,1575181.0,VND,SerpAPI Google Flights,current_observed,C
91,C_20261005_052841,VJ122_SGN_HAN_20261014T0655,2026-10-05T05:28:42.958027+07:00,2026-10-05,5,2026-10-14,9,SGN,HAN,Vietjet,VJ 122,2026-10-14 06:55,2026-10-14 09:05,1772381.0,VND,SerpAPI Google Flights,current_observed,C
72,C_20261005_052841,VU774_SGN_HAN_20261014T0700,2026-10-05T05:28:42.958027+07:00,2026-10-05,5,2026-10-14,9,SGN,HAN,Vietravel Airlines,VU 774,2026-10-14 07:00,2026-10-14 09:10,1234221.0,VND,SerpAPI Google Flights,current_observed,C
115,C_20261005_052841,VN240_SGN_HAN_20261014T0700,2026-10-05T05:28:42.958027+07:00,2026-10-05,5,2026-10-14,9,SGN,HAN,Vietnam Airlines,VN 240,2026-10-14 07:00,2026-10-14 09:10,2186181.0,VND,SerpAPI Google Flights,current_observed,C
77,C_20261005_052841,9G810_SGN_HAN_20261014T0705,2026-10-05T05:28:42.958027+07:00,2026-10-05,5,2026-10-14,9,SGN,HAN,Sun PhuQuoc Airways,9G 810,2026-10-14 07:05,2026-10-14 09:15,1575181.0,VND,SerpAPI Google Flights,current_observed,C
92,C_20261005_052841,VJ126_SGN_HAN_20261014T0730,2026-10-05T05:28:42.958027+07:00,2026-10-05,5,2026-10-14,9,SGN,HAN,Vietjet,VJ 126,2026-10-14 07:30,2026-10-14 09:40,1772381.0,VND,SerpAPI Google Flights,current_observed,C
116,C_20261005_052841,VN208_SGN_HAN_20261014T0800,2026-10-05T05:28:42.958027+07:00,2026-10-05,5,2026-10-14,9,SGN,HAN,Vietnam Airlines,VN 208,2026-10-14 08:00,2026-10-14 10:10,2186181.0,VND,SerpAPI Google Flights,current_observed,C
93,C_20261005_052841,VJ130_SGN_HAN_20261014T0840,2026-10-05T05:28:42.958027+07:00,2026-10-05,5,2026-10-14,9,SGN,HAN,Vietjet,VJ 130,2026-10-14 08:40,2026-10-14 10:50,1772381.0,VND,SerpAPI Google Flights,current_observed,C
113,C_20261005_052841,9G820_SGN_HAN_20261014T0845,2026-10-05T05:28:42.958027+07:00,2026-10-05,5,2026-10-14,9,SGN,HAN,Sun PhuQuoc Airways,9G 820,2026-10-14 08:45,2026-10-14 10:55,1975181.0,VND,SerpAPI Google Flights,current_observed,C
117,C_20261005_052841,VN244_SGN_HAN_20261014T0900,2026-10-05T05:28:42.958027+07:00,2026-10-05,5,2026-10-14,9,SGN,HAN,Vietnam Airlines,VN 244,2026-10-14 09:00,2026-10-14 11:10,2186181.0,VND,SerpAPI Google Flights,current_observed,C
114,C_20261005_052841,9G824_SGN_HAN_20261014T0925,2026-10-05T05:28:42.958027+07:00,2026-10-05,5,2026-10-14,9,SGN,HAN,Sun PhuQuoc Airways,9G 824,2026-10-14 09:25,2026-10-14 11:35,1975181.0,VND,SerpAPI Google Flights,current_observed,C
94,C_20261005_052841,VJ128_SGN_HAN_20261014T0940,2026-10-05T05:28:42.958027+07:00,2026-10-05,5,2026-10-14,9,SGN,HAN,Vietjet,VJ 128,2026-10-14 09:40,2026-10-14 11:50,1772381.0,VND,SerpAPI Google Flights,current_observed,C
118,C_20261005_052841,VN210_SGN_HAN_20261014T1000,2026-10-05T05:28:42.958027+07:00,2026-10-05,5,2026-10-14,9,SGN,HAN,Vietnam Airlines,VN 210,2026-10-14 10:00,2026-10-14 12:10,2186181.0,VND,SerpAPI Google Flights,current_observed,C
78,C_20261005_052841,9G832_SGN_HAN_20261014T1100,2026-10-05T05:28:42.958027+07:00,2026-10-05,5,2026-10-14,9,SGN,HAN,Sun PhuQuoc Airways,9G 832,2026-10-14 11:00,2026-10-14 13:10,1575181.0,VND,SerpAPI Google Flights,current_observed,C
119,C_20261005_052841,VN246_SGN_HAN_20261014T1100,2026-10-05T05:28:42.958027+07:00,2026-10-05,5,2026-10-14,9,SGN,HAN,Vietnam Airlines,VN 246,2026-10-14 11:00,2026-10-14 13:10,2186181.0,VND,SerpAPI Google Flights,current_observed,C
95,C_20261005_052841,VJ134_SGN_HAN_20261014T1120,2026-10-05T05:28:42.958027+07:00,2026-10-05,5,2026-10-14,9,SGN,HAN,Vietjet,VJ 134,2026-10-14 11:20,2026-10-14 13:30,1772381.0,VND,SerpAPI Google Flights,current_observed,C
96,C_20261005_052841,VJ136_SGN_HAN_20261014T1200,2026-10-05T05:28:42.958027+07:00,2026-10-05,5,2026-10-14,9,SGN,HAN,Vietjet,VJ 136,2026-10-14 12:00,2026-10-14 14:10,1772381.0,VND,SerpAPI Google Flights,current_observed,C
120,C_20261005_052841,VN212_SGN_HAN_20261014T1200,2026-10-05T05:28:42.958027+07:00,2026-10-05,5,2026-10-14,9,SGN,HAN,Vietnam Airlines,VN 212,2026-10-14 12:00,2026-10-14 14:10,2186181.0,VND,SerpAPI Google Flights,current_observed,C
79,C_20261005_052841,9G840_SGN_HAN_20261014T1225,2026-10-05T05:28:42.958027+07:00,2026-10-05,5,2026-10-14,9,SGN,HAN,Sun PhuQuoc Airways,9G 840,2026-10-14 12:25,2026-10-14 14:35,1575181.0,VND,SerpAPI Google Flights,current_observed,C
73,C_20261005_052841,VU778_SGN_HAN_20261014T1240,2026-10-05T05:28:42.958027+07:00,2026-10-05,5,2026-10-14,9,SGN,HAN,Vietravel Airlines,VU 778,2026-10-14 12:40,2026-10-14 14:50,1374621.0,VND,SerpAPI Google Flights,current_observed,C
121,C_20261005_052841,VN248_SGN_HAN_20261014T1300,2026-10-05T05:28:42.958027+07:00,2026-10-05,5,2026-10-14,9,SGN,HAN,Vietnam Airlines,VN 248,2026-10-14 13:00,2026-10-14 15:10,2186181.0,VND,SerpAPI Google Flights,current_observed,C
97,C_20261005_052841,VJ138_SGN_HAN_20261014T1305,2026-10-05T05:28:42.958027+07:00,2026-10-05,5,2026-10-14,9,SGN,HAN,Vietjet,VJ 138,2026-10-14 13:05,2026-10-14 15:15,1772381.0,VND,SerpAPI Google Flights,current_observed,C
122,C_20261005_052841,VN214_SGN_HAN_20261014T1400,2026-10-05T05:28:42.958027+07:00,2026-10-05,5,2026-10-14,9,SGN,HAN,Vietnam Airlines,VN 214,2026-10-14 14:00,2026-10-14 16:10,2186181.0,VND,SerpAPI Google Flights,current_observed,C
80,C_20261005_052841,9G846_SGN_HAN_20261014T1410,2026-10-05T05:28:42.958027+07:00,2026-10-05,5,2026-10-14,9,SGN,HAN,Sun PhuQuoc Airways,9G 846,2026-10-14 14:10,2026-10-14 16:20,1575181.0,VND,SerpAPI Google Flights,current_observed,C
106,C_20261005_052841,VJ140_SGN_HAN_20261014T1420,2026-10-05T05:28:42.958027+07:00,2026-10-05,5,2026-10-14,9,SGN,HAN,Vietjet,VJ 140,2026-10-14 14:20,2026-10-14 16:30,1901981.0,VND,SerpAPI Google Flights,current_observed,C
123,C_20261005_052841,VN250_SGN_HAN_20261014T1500,2026-10-05T05:28:42.958027+07:00,2026-10-05,5,2026-10-14,9,SGN,HAN,Vietnam Airlines,VN 250,2026-10-14 15:00,2026-10-14 17:10,2186181.0,VND,SerpAPI Google Flights,current_observed,C
88,C_20261005_052841,9G854_SGN_HAN_20261014T1530,2026-10-05T05:28:42.958027+07:00,2026-10-05,5,2026-10-14,9,SGN,HAN,Sun PhuQuoc Airways,9G 854,2026-10-14 15:30,2026-10-14 17:40,1737181.0,VND,SerpAPI Google Flights,current_observed,C
98,C_20261005_052841,VJ144_SGN_HAN_20261014T1555,2026-10-05T05:28:42.958027+07:00,2026-10-05,5,2026-10-14,9,SGN,HAN,Vietjet,VJ 144,2026-10-14 15:55,2026-10-14 18:05,1772381.0,VND,SerpAPI Google Flights,current_observed,C
109,C_20261005_052841,VN216_SGN_HAN_20261014T1600,2026-10-05T05:28:42.958027+07:00,2026-10-05,5,2026-10-14,9,SGN,HAN,Vietnam Airlines,VN 216,2026-10-14 16:00,2026-10-14 18:10,1949181.0,VND,SerpAPI Google Flights,current_observed,C
99,C_20261005_052841,VJ148_SGN_HAN_20261014T1615,2026-10-05T05:28:42.958027+07:00,2026-10-05,5,2026-10-14,9,SGN,HAN,Vietjet,VJ 148,2026-10-14 16:15,2026-10-14 18:25,1772381.0,VND,SerpAPI Google Flights,current_observed,C
110,C_20261005_052841,VN252_SGN_HAN_20261014T1640,2026-10-05T05:28:42.958027+07:00,2026-10-05,5,2026-10-14,9,SGN,HAN,Vietnam Airlines,VN 252,2026-10-14 16:40,2026-10-14 18:50,1949181.0,VND,SerpAPI Google Flights,current_observed,C
100,C_20261005_052841,VJ146_SGN_HAN_20261014T1645,2026-10-05T05:28:42.958027+07:00,2026-10-05,5,2026-10-14,9,SGN,HAN,Vietjet,VJ 146,2026-10-14 16:45,2026-10-14 18:55,1772381.0,VND,SerpAPI Google Flights,current_observed,C
111,C_20261005_052841,VN254_SGN_HAN_20261014T1700,2026-10-05T05:28:42.958027+07:00,2026-10-05,5,2026-10-14,9,SGN,HAN,Vietnam Airlines,VN 254,2026-10-14 17:00,2026-10-14 19:10,1949181.0,VND,SerpAPI Google Flights,current_observed,C
64,C_20261005_052841,VU780_SGN_HAN_20261014T1710,2026-10-05T05:28:42.958027+07:00,2026-10-05,5,2026-10-14,9,SGN,HAN,Vietravel Airlines,VU 780,2026-10-14 17:10,2026-10-14 19:20,1234221.0,VND,SerpAPI Google Flights,current_observed,C
101,C_20261005_052841,VJ152_SGN_HAN_20261014T1710,2026-10-05T05:28:42.958027+07:00,2026-10-05,5,2026-10-14,9,SGN,HAN,Vietjet,VJ 152,2026-10-14 17:10,2026-10-14 19:20,1772381.0,VND,SerpAPI Google Flights,current_observed,C
102,C_20261005_052841,VJ150_SGN_HAN_20261014T1740,2026-10-05T05:28:42.958027+07:00,2026-10-05,5,2026-10-14,9,SGN,HAN,Vietjet,VJ 150,2026-10-14 17:40,2026-10-14 19:50,1772381.0,VND,SerpAPI Google Flights,current_observed,C
81,C_20261005_052841,9G860_SGN_HAN_20261014T1800,2026-10-05T05:28:42.958027+07:00,2026-10-05,5,2026-10-14,9,SGN,HAN,Sun PhuQuoc Airways,9G 860,2026-10-14 18:00,2026-10-14 20:10,1575181.0,VND,SerpAPI Google Flights,current_observed,C
112,C_20261005_052841,VN218_SGN_HAN_20261014T1800,2026-10-05T05:28:42.958027+07:00,2026-10-05,5,2026-10-14,9,SGN,HAN,Vietnam Airlines,VN 218,2026-10-14 18:00,2026-10-14 20:10,1949181.0,VND,SerpAPI Google Flights,current_observed,C
82,C_20261005_052841,9G868_SGN_HAN_20261014T1845,2026-10-05T05:28:42.958027+07:00,2026-10-05,5,2026-10-14,9,SGN,HAN,Sun PhuQuoc Airways,9G 868,2026-10-14 18:45,2026-10-14 20:55,1575181.0,VND,SerpAPI Google Flights,current_observed,C
103,C_20261005_052841,VJ154_SGN_HAN_20261014T1845,2026-10-05T05:28:42.958027+07:00,2026-10-05,5,2026-10-14,9,SGN,HAN,Vietjet,VJ 154,2026-10-14 18:45,2026-10-14 20:55,1772381.0,VND,SerpAPI Google Flights,current_observed,C
84,C_20261005_052841,VN258_SGN_HAN_20261014T1900,2026-10-05T05:28:42.958027+07:00,2026-10-05,5,2026-10-14,9,SGN,HAN,Vietnam Airlines,VN 258,2026-10-14 19:00,2026-10-14 21:10,1722181.0,VND,SerpAPI Google Flights,current_observed,C
85,C_20261005_052841,VN220_SGN_HAN_20261014T2000,2026-10-05T05:28:42.958027+07:00,2026-10-05,5,2026-10-14,9,SGN,HAN,Vietnam Airlines,VN 220,2026-10-14 20:00,2026-10-14 22:10,1722181.0,VND,SerpAPI Google Flights,current_observed,C
86,C_20261005_052841,VN256_SGN_HAN_20261014T2030,2026-10-05T05:28:42.958027+07:00,2026-10-05,5,2026-10-14,9,SGN,HAN,Vietnam Airlines,VN 256,2026-10-14 20:30,2026-10-14 22:40,1722181.0,VND,SerpAPI Google Flights,current_observed,C
104,C_20261005_052841,VJ160_SGN_HAN_20261014T2030,2026-10-05T05:28:42.958027+07:00,2026-10-05,5,2026-10-14,9,SGN,HAN,Vietjet,VJ 160,2026-10-14 20:30,2026-10-14 22:40,1772381.0,VND,SerpAPI Google Flights,current_observed,C
105,C_20261005_052841,VJ1156_SGN_HAN_20261014T2040,2026-10-05T05:28:42.958027+07:00,2026-10-05,5,2026-10-14,9,SGN,HAN,Vietjet,VJ 1156,2026-10-14 20:40,2026-10-14 22:55,1772381.0,VND,SerpAPI Google Flights,current_observed,C
68,C_20261005_052841,QH268_SGN_HAN_20261014T2055,2026-10-05T05:28:42.958027+07:00,2026-10-05,5,2026-10-14,9,SGN,HAN,Bamboo Airways,QH 268,2026-10-14 20:55,2026-10-14 23:05,,VND,SerpAPI Google Flights,current_observed,C
87,C_20261005_052841,VN260_SGN_HAN_20261014T2100,2026-10-05T05:28:42.958027+07:00,2026-10-05,5,2026-10-14,9,SGN,HAN,Vietnam Airlines,VN 260,2026-10-14 21:00,2026-10-14 23:10,1722181.0,VND,SerpAPI Google Flights,current_observed,C
83,C_20261005_052841,9G882_SGN_HAN_20261014T2155,2026-10-05T05:28:42.958027+07:00,2026-10-05,5,2026-10-14,9,SGN,HAN,Sun PhuQuoc Airways,9G 882,2026-10-14 21:55,2026-10-15 00:05,1575181.0,VND,SerpAPI Google Flights,current_observed,C
65,C_20261005_052841,VN224_SGN_HAN_20261014T2200,2026-10-05T05:28:42.958027+07:00,2026-10-05,5,2026-10-14,9,SGN,HAN,Vietnam Airlines,VN 224,2026-10-14 22:00,2026-10-15 00:10,1290181.0,VND,SerpAPI Google Flights,current_observed,C
63,C_20261005_052841,VJ1128_SGN_HAN_20261014T2215,2026-10-05T05:28:42.958027+07:00,2026-10-05,5,2026-10-14,9,SGN,HAN,Vietjet,VJ 1128,2026-10-14 22:15,2026-10-15 00:25,1231301.0,VND,SerpAPI Google Flights,current_observed,C
69,C_20261005_052841,VJ162_SGN_HAN_20261014T2240,2026-10-05T05:28:42.958027+07:00,2026-10-05,5,2026-10-14,9,SGN,HAN,Vietjet,VJ 162,2026-10-14 22:40,2026-10-15 00:50,1231301.0,VND,SerpAPI Google Flights,current_observed,C
75,C_20261005_052841,9G886_SGN_HAN_20261014T2250,2026-10-05T05:28:42.958027+07:00,2026-10-05,5,2026-10-14,9,SGN,HAN,Sun PhuQuoc Airways,9G 886,2026-10-14 22:50,2026-10-15 01:00,1381181.0,VND,SerpAPI Google Flights,current_observed,C
66,C_20261005_052841,VN270_SGN_HAN_20261014T2300,2026-10-05T05:28:42.958027+07:00,2026-10-05,5,2026-10-14,9,SGN,HAN,Vietnam Airlines,VN 270,2026-10-14 23:00,2026-10-15 01:10,1290181.0,VND,SerpAPI Google Flights,current_observed,C
70,C_20261005_052841,VJ168_SGN_HAN_20261014T2300,2026-10-05T05:28:42.958027+07:00,2026-10-05,5,2026-10-14,9,SGN,HAN,Vietjet,VJ 168,2026-10-14 23:00,2026-10-15 01:10,1231301.0,VND,SerpAPI Google Flights,current_observed,C
171,C_20261005_052841,VN205_HAN_SGN_20261014T0500,2026-10-05T05:28:47.207784+07:00,2026-10-05,5,2026-10-14,9,HAN,SGN,Vietnam Airlines,VN 205,2026-10-14 05:00,2026-10-14 07:10,1949181.0,VND,SerpAPI Google Flights,current_observed,C
130,C_20261005_052841,9G803_HAN_SGN_20261014T0515,2026-10-05T05:28:47.207784+07:00,2026-10-05,5,2026-10-14,9,HAN,SGN,Sun PhuQuoc Airways,9G 803,2026-10-14 05:15,2026-10-14 07:25,1143181.0,VND,SerpAPI Google Flights,current_observed,C
132,C_20261005_052841,VJ123_HAN_SGN_20261014T0530,2026-10-05T05:28:47.207784+07:00,2026-10-05,5,2026-10-14,9,HAN,SGN,Vietjet,VJ 123,2026-10-14 05:30,2026-10-14 07:40,1231301.0,VND,SerpAPI Google Flights,current_observed,C
131,C_20261005_052841,9G805_HAN_SGN_20261014T0545,2026-10-05T05:28:47.207784+07:00,2026-10-05,5,2026-10-14,9,HAN,SGN,Sun PhuQuoc Airways,9G 805,2026-10-14 05:45,2026-10-14 07:55,1143181.0,VND,SerpAPI Google Flights,current_observed,C
133,C_20261005_052841,VJ121_HAN_SGN_20261014T0600,2026-10-05T05:28:47.207784+07:00,2026-10-05,5,2026-10-14,9,HAN,SGN,Vietjet,VJ 121,2026-10-14 06:00,2026-10-14 08:10,1231301.0,VND,SerpAPI Google Flights,current_observed,C
172,C_20261005_052841,VN243_HAN_SGN_20261014T0600,2026-10-05T05:28:47.207784+07:00,2026-10-05,5,2026-10-14,9,HAN,SGN,Vietnam Airlines,VN 243,2026-10-14 06:00,2026-10-14 08:10,1949181.0,VND,SerpAPI Google Flights,current_observed,C
147,C_20261005_052841,9G809_HAN_SGN_20261014T0630,2026-10-05T05:28:47.207784+07:00,2026-10-05,5,2026-10-14,9,HAN,SGN,Sun PhuQuoc Airways,9G 809,2026-10-14 06:30,2026-10-14 08:40,1381181.0,VND,SerpAPI Google Flights,current_observed,C
134,C_20261005_052841,VJ125_HAN_SGN_20261014T0700,2026-10-05T05:28:47.207784+07:00,2026-10-05,5,2026-10-14,9,HAN,SGN,Vietjet,VJ 125,2026-10-14 07:00,2026-10-14 09:10,1231301.0,VND,SerpAPI Google Flights,current_observed,C
177,C_20261005_052841,VN207_HAN_SGN_20261014T0700,2026-10-05T05:28:47.207784+07:00,2026-10-05,5,2026-10-14,9,HAN,SGN,Vietnam Airlines,VN 207,2026-10-14 07:00,2026-10-14 09:10,2186181.0,VND,SerpAPI Google Flights,current_observed,C
129,C_20261005_052841,QH203_HAN_SGN_20261014T0705,2026-10-05T05:28:47.207784+07:00,2026-10-05,5,2026-10-14,9,HAN,SGN,Bamboo Airways,QH 203,2026-10-14 07:05,2026-10-14 09:20,,VND,SerpAPI Google Flights,current_observed,C
148,C_20261005_052841,9G811_HAN_SGN_20261014T0715,2026-10-05T05:28:47.207784+07:00,2026-10-05,5,2026-10-14,9,HAN,SGN,Sun PhuQuoc Airways,9G 811,2026-10-14 07:15,2026-10-14 09:25,1381181.0,VND,SerpAPI Google Flights,current_observed,C
178,C_20261005_052841,VN245_HAN_SGN_20261014T0800,2026-10-05T05:28:47.207784+07:00,2026-10-05,5,2026-10-14,9,HAN,SGN,Vietnam Airlines,VN 245,2026-10-14 08:00,2026-10-14 10:10,2186181.0,VND,SerpAPI Google Flights,current_observed,C
156,C_20261005_052841,VJ127_HAN_SGN_20261014T0810,2026-10-05T05:28:47.207784+07:00,2026-10-05,5,2026-10-14,9,HAN,SGN,Vietjet,VJ 127,2026-10-14 08:10,2026-10-14 10:20,1642781.0,VND,SerpAPI Google Flights,current_observed,C
145,C_20261005_052841,VU751_HAN_SGN_20261014T0830,2026-10-05T05:28:47.207784+07:00,2026-10-05,5,2026-10-14,9,HAN,SGN,Vietravel Airlines,VU 751,2026-10-14 08:30,2026-10-14 10:40,1374621.0,VND,SerpAPI Google Flights,current_observed,C
157,C_20261005_052841,VJ129_HAN_SGN_20261014T0845,2026-10-05T05:28:47.207784+07:00,2026-10-05,5,2026-10-14,9,HAN,SGN,Vietjet,VJ 129,2026-10-14 08:45,2026-10-14 10:55,1642781.0,VND,SerpAPI Google Flights,current_observed,C
179,C_20261005_052841,VN209_HAN_SGN_20261014T0900,2026-10-05T05:28:47.207784+07:00,2026-10-05,5,2026-10-14,9,HAN,SGN,Vietnam Airlines,VN 209,2026-10-14 09:00,2026-10-14 11:10,2186181.0,VND,SerpAPI Google Flights,current_observed,C
152,C_20261005_052841,9G825_HAN_SGN_20261014T0925,2026-10-05T05:28:47.207784+07:00,2026-10-05,5,2026-10-14,9,HAN,SGN,Sun PhuQuoc Airways,9G 825,2026-10-14 09:25,2026-10-14 11:35,1575181.0,VND,SerpAPI Google Flights,current_observed,C
146,C_20261005_052841,VU775_HAN_SGN_20261014T0950,2026-10-05T05:28:47.207784+07:00,2026-10-05,5,2026-10-14,9,HAN,SGN,Vietravel Airlines,VU 775,2026-10-14 09:50,2026-10-14 12:00,1374621.0,VND,SerpAPI Google Flights,current_observed,C
180,C_20261005_052841,VN247_HAN_SGN_20261014T1000,2026-10-05T05:28:47.207784+07:00,2026-10-05,5,2026-10-14,9,HAN,SGN,Vietnam Airlines,VN 247,2026-10-14 10:00,2026-10-14 12:10,2186181.0,VND,SerpAPI Google Flights,current_observed,C
169,C_20261005_052841,VJ131_HAN_SGN_20261014T1010,2026-10-05T05:28:47.207784+07:00,2026-10-05,5,2026-10-14,9,HAN,SGN,Vietjet,VJ 131,2026-10-14 10:10,2026-10-14 12:20,1772381.0,VND,SerpAPI Google Flights,current_observed,C
181,C_20261005_052841,VN211_HAN_SGN_20261014T1100,2026-10-05T05:28:47.207784+07:00,2026-10-05,5,2026-10-14,9,HAN,SGN,Vietnam Airlines,VN 211,2026-10-14 11:00,2026-10-14 13:10,2186181.0,VND,SerpAPI Google Flights,current_observed,C
158,C_20261005_052841,VJ133_HAN_SGN_20261014T1120,2026-10-05T05:28:47.207784+07:00,2026-10-05,5,2026-10-14,9,HAN,SGN,Vietjet,VJ 133,2026-10-14 11:20,2026-10-14 13:30,1642781.0,VND,SerpAPI Google Flights,current_observed,C
182,C_20261005_052841,VN251_HAN_SGN_20261014T1200,2026-10-05T05:28:47.207784+07:00,2026-10-05,5,2026-10-14,9,HAN,SGN,Vietnam Airlines,VN 251,2026-10-14 12:00,2026-10-14 14:10,2186181.0,VND,SerpAPI Google Flights,current_observed,C
159,C_20261005_052841,VJ137_HAN_SGN_20261014T1220,2026-10-05T05:28:47.207784+07:00,2026-10-05,5,2026-10-14,9,HAN,SGN,Vietjet,VJ 137,2026-10-14 12:20,2026-10-14 14:30,1642781.0,VND,SerpAPI Google Flights,current_observed,C
153,C_20261005_052841,9G841_HAN_SGN_20261014T1225,2026-10-05T05:28:47.207784+07:00,2026-10-05,5,2026-10-14,9,HAN,SGN,Sun PhuQuoc Airways,9G 841,2026-10-14 12:25,2026-10-14 14:35,1575181.0,VND,SerpAPI Google Flights,current_observed,C
183,C_20261005_052841,VN213_HAN_SGN_20261014T1300,2026-10-05T05:28:47.207784+07:00,2026-10-05,5,2026-10-14,9,HAN,SGN,Vietnam Airlines,VN 213,2026-10-14 13:00,2026-10-14 15:10,2186181.0,VND,SerpAPI Google Flights,current_observed,C
154,C_20261005_052841,9G843_HAN_SGN_20261014T1310,2026-10-05T05:28:47.207784+07:00,2026-10-05,5,2026-10-14,9,HAN,SGN,Sun PhuQuoc Airways,9G 843,2026-10-14 13:10,2026-10-14 15:20,1575181.0,VND,SerpAPI Google Flights,current_observed,C
184,C_20261005_052841,VN253_HAN_SGN_20261014T1400,2026-10-05T05:28:47.207784+07:00,2026-10-05,5,2026-10-14,9,HAN,SGN,Vietnam Airlines,VN 253,2026-10-14 14:00,2026-10-14 16:10,2186181.0,VND,SerpAPI Google Flights,current_observed,C
160,C_20261005_052841,VJ143_HAN_SGN_20261014T1405,2026-10-05T05:28:47.207784+07:00,2026-10-05,5,2026-10-14,9,HAN,SGN,Vietjet,VJ 143,2026-10-14 14:05,2026-10-14 16:15,1642781.0,VND,SerpAPI Google Flights,current_observed,C
127,C_20261005_052841,VJ141_HAN_SGN_20261014T1430,2026-10-05T05:28:47.207784+07:00,2026-10-05,5,2026-10-14,9,HAN,SGN,Vietjet,VJ 141,2026-10-14 14:30,2026-10-14 16:40,1231301.0,VND,SerpAPI Google Flights,current_observed,C
155,C_20261005_052841,9G845_HAN_SGN_20261014T1430,2026-10-05T05:28:47.207784+07:00,2026-10-05,5,2026-10-14,9,HAN,SGN,Sun PhuQuoc Airways,9G 845,2026-10-14 14:30,2026-10-14 16:40,1575181.0,VND,SerpAPI Google Flights,current_observed,C
135,C_20261005_052841,VJ145_HAN_SGN_20261014T1440,2026-10-05T05:28:47.207784+07:00,2026-10-05,5,2026-10-14,9,HAN,SGN,Vietjet,VJ 145,2026-10-14 14:40,2026-10-14 16:50,1231301.0,VND,SerpAPI Google Flights,current_observed,C
185,C_20261005_052841,VN215_HAN_SGN_20261014T1500,2026-10-05T05:28:47.207784+07:00,2026-10-05,5,2026-10-14,9,HAN,SGN,Vietnam Airlines,VN 215,2026-10-14 15:00,2026-10-14 17:10,2186181.0,VND,SerpAPI Google Flights,current_observed,C
167,C_20261005_052841,9G855_HAN_SGN_20261014T1530,2026-10-05T05:28:47.207784+07:00,2026-10-05,5,2026-10-14,9,HAN,SGN,Sun PhuQuoc Airways,9G 855,2026-10-14 15:30,2026-10-14 17:40,1737181.0,VND,SerpAPI Google Flights,current_observed,C
170,C_20261005_052841,VJ147_HAN_SGN_20261014T1545,2026-10-05T05:28:47.207784+07:00,2026-10-05,5,2026-10-14,9,HAN,SGN,Vietjet,VJ 147,2026-10-14 15:45,2026-10-14 17:55,1772381.0,VND,SerpAPI Google Flights,current_observed,C
173,C_20261005_052841,VN273_HAN_SGN_20261014T1600,2026-10-05T05:28:47.207784+07:00,2026-10-05,5,2026-10-14,9,HAN,SGN,Vietnam Airlines,VN 273,2026-10-14 16:00,2026-10-14 18:10,1949181.0,VND,SerpAPI Google Flights,current_observed,C
161,C_20261005_052841,VJ151_HAN_SGN_20261014T1700,2026-10-05T05:28:47.207784+07:00,2026-10-05,5,2026-10-14,9,HAN,SGN,Vietjet,VJ 151,2026-10-14 17:00,2026-10-14 19:10,1642781.0,VND,SerpAPI Google Flights,current_observed,C
174,C_20261005_052841,VN217_HAN_SGN_20261014T1700,2026-10-05T05:28:47.207784+07:00,2026-10-05,5,2026-10-14,9,HAN,SGN,Vietnam Airlines,VN 217,2026-10-14 17:00,2026-10-14 19:10,1949181.0,VND,SerpAPI Google Flights,current_observed,C
128,C_20261005_052841,9G863_HAN_SGN_20261014T1715,2026-10-05T05:28:47.207784+07:00,2026-10-05,5,2026-10-14,9,HAN,SGN,Sun PhuQuoc Airways,9G 863,2026-10-14 17:15,2026-10-14 19:25,1381181.0,VND,SerpAPI Google Flights,current_observed,C
175,C_20261005_052841,VN257_HAN_SGN_20261014T1730,2026-10-05T05:28:47.207784+07:00,2026-10-05,5,2026-10-14,9,HAN,SGN,Vietnam Airlines,VN 257,2026-10-14 17:30,2026-10-14 19:45,1949181.0,VND,SerpAPI Google Flights,current_observed,C
136,C_20261005_052841,VJ1125_HAN_SGN_20261014T1800,2026-10-05T05:28:47.207784+07:00,2026-10-05,5,2026-10-14,9,HAN,SGN,Vietjet,VJ 1125,2026-10-14 18:00,2026-10-14 20:10,1231301.0,VND,SerpAPI Google Flights,current_observed,C
176,C_20261005_052841,VN259_HAN_SGN_20261014T1800,2026-10-05T05:28:47.207784+07:00,2026-10-05,5,2026-10-14,9,HAN,SGN,Vietnam Airlines,VN 259,2026-10-14 18:00,2026-10-14 20:10,1949181.0,VND,SerpAPI Google Flights,current_observed,C
137,C_20261005_052841,VJ1157_HAN_SGN_20261014T1805,2026-10-05T05:28:47.207784+07:00,2026-10-05,5,2026-10-14,9,HAN,SGN,Vietjet,VJ 1157,2026-10-14 18:05,2026-10-14 20:10,1231301.0,VND,SerpAPI Google Flights,current_observed,C
168,C_20261005_052841,9G869_HAN_SGN_20261014T1845,2026-10-05T05:28:47.207784+07:00,2026-10-05,5,2026-10-14,9,HAN,SGN,Sun PhuQuoc Airways,9G 869,2026-10-14 18:45,2026-10-14 20:55,1737181.0,VND,SerpAPI Google Flights,current_observed,C
138,C_20261005_052841,VJ155_HAN_SGN_20261014T1855,2026-10-05T05:28:47.207784+07:00,2026-10-05,5,2026-10-14,9,HAN,SGN,Vietjet,VJ 155,2026-10-14 18:55,2026-10-14 21:05,1231301.0,VND,SerpAPI Google Flights,current_observed,C
163,C_20261005_052841,VN219_HAN_SGN_20261014T1900,2026-10-05T05:28:47.207784+07:00,2026-10-05,5,2026-10-14,9,HAN,SGN,Vietnam Airlines,VN 219,2026-10-14 19:00,2026-10-14 21:10,1722181.0,VND,SerpAPI Google Flights,current_observed,C
149,C_20261005_052841,9G871_HAN_SGN_20261014T1915,2026-10-05T05:28:47.207784+07:00,2026-10-05,5,2026-10-14,9,HAN,SGN,Sun PhuQuoc Airways,9G 871,2026-10-14 19:15,2026-10-14 21:25,1381181.0,VND,SerpAPI Google Flights,current_observed,C
139,C_20261005_052841,VJ1127_HAN_SGN_20261014T1920,2026-10-05T05:28:47.207784+07:00,2026-10-05,5,2026-10-14,9,HAN,SGN,Vietjet,VJ 1127,2026-10-14 19:20,2026-10-14 21:30,1231301.0,VND,SerpAPI Google Flights,current_observed,C
150,C_20261005_052841,9G873_HAN_SGN_20261014T1955,2026-10-05T05:28:47.207784+07:00,2026-10-05,5,2026-10-14,9,HAN,SGN,Sun PhuQuoc Airways,9G 873,2026-10-14 19:55,2026-10-14 22:05,1381181.0,VND,SerpAPI Google Flights,current_observed,C
143,C_20261005_052841,VU787_HAN_SGN_20261014T2000,2026-10-05T05:28:47.207784+07:00,2026-10-05,5,2026-10-14,9,HAN,SGN,Vietravel Airlines,VU 787,2026-10-14 20:00,2026-10-14 22:10,1234221.0,VND,SerpAPI Google Flights,current_observed,C
164,C_20261005_052841,VN263_HAN_SGN_20261014T2000,2026-10-05T05:28:47.207784+07:00,2026-10-05,5,2026-10-14,9,HAN,SGN,Vietnam Airlines,VN 263,2026-10-14 20:00,2026-10-14 22:10,1722181.0,VND,SerpAPI Google Flights,current_observed,C
140,C_20261005_052841,VJ159_HAN_SGN_20261014T2010,2026-10-05T05:28:47.207784+07:00,2026-10-05,5,2026-10-14,9,HAN,SGN,Vietjet,VJ 159,2026-10-14 20:10,2026-10-14 22:20,1231301.0,VND,SerpAPI Google Flights,current_observed,C
165,C_20261005_052841,VN265_HAN_SGN_20261014T2030,2026-10-05T05:28:47.207784+07:00,2026-10-05,5,2026-10-14,9,HAN,SGN,Vietnam Airlines,VN 265,2026-10-14 20:30,2026-10-14 22:45,1722181.0,VND,SerpAPI Google Flights,current_observed,C
141,C_20261005_052841,VJ161_HAN_SGN_20261014T2055,2026-10-05T05:28:47.207784+07:00,2026-10-05,5,2026-10-14,9,HAN,SGN,Vietjet,VJ 161,2026-10-14 20:55,2026-10-14 23:05,1231301.0,VND,SerpAPI Google Flights,current_observed,C
166,C_20261005_052841,VN221_HAN_SGN_20261014T2100,2026-10-05T05:28:47.207784+07:00,2026-10-05,5,2026-10-14,9,HAN,SGN,Vietnam Airlines,VN 221,2026-10-14 21:00,2026-10-14 23:10,1722181.0,VND,SerpAPI Google Flights,current_observed,C
187,C_20261005_052841,9G881_HAN_SGN_20261014T2105,2026-10-05T05:28:47.207784+07:00,2026-10-05,5,2026-10-14,9,HAN,SGN,Sun PhuQuoc Airways,9G 881,2026-10-14 21:05,2026-10-14 23:15,5385181.0,VND,SerpAPI Google Flights,current_observed,C
142,C_20261005_052841,VJ163_HAN_SGN_20261014T2125,2026-10-05T05:28:47.207784+07:00,2026-10-05,5,2026-10-14,9,HAN,SGN,Vietjet,VJ 163,2026-10-14 21:25,2026-10-14 23:35,1231301.0,VND,SerpAPI Google Flights,current_observed,C
125,C_20261005_052841,VU779_HAN_SGN_20261014T2155,2026-10-05T05:28:47.207784+07:00,2026-10-05,5,2026-10-14,9,HAN,SGN,Vietravel Airlines,VU 779,2026-10-14 21:55,2026-10-15 00:05,1083021.0,VND,SerpAPI Google Flights,current_observed,C
151,C_20261005_052841,9G883_HAN_SGN_20261014T2155,2026-10-05T05:28:47.207784+07:00,2026-10-05,5,2026-10-14,9,HAN,SGN,Sun PhuQuoc Airways,9G 883,2026-10-14 21:55,2026-10-15 00:05,1381181.0,VND,SerpAPI Google Flights,current_observed,C
144,C_20261005_052841,VN267_HAN_SGN_20261014T2200,2026-10-05T05:28:47.207784+07:00,2026-10-05,5,2026-10-14,9,HAN,SGN,Vietnam Airlines,VN 267,2026-10-14 22:00,2026-10-15 00:10,1290181.0,VND,SerpAPI Google Flights,current_observed,C
162,C_20261005_052841,VJ167_HAN_SGN_20261014T2245,2026-10-05T05:28:47.207784+07:00,2026-10-05,5,2026-10-14,9,HAN,SGN,Vietjet,VJ 167,2026-10-14 22:45,2026-10-15 00:55,1642781.0,VND,SerpAPI Google Flights,current_observed,C
126,C_20261005_052841,VN6025_HAN_SGN_20261014T2255,2026-10-05T05:28:47.207784+07:00,2026-10-05,5,2026-10-14,9,HAN,SGN,Vietnam Airlines,VN 6025,2026-10-14 22:55,2026-10-15 01:10,1182181.0,VND,SerpAPI Google Flights,current_observed,C
186,C_20261005_052841,VJ169_HAN_SGN_20261014T2325,2026-10-05T05:28:47.207784+07:00,2026-10-05,5,2026-10-14,9,HAN,SGN,Vietjet,VJ 169,2026-10-14 23:25,2026-10-15 01:35,2236781.0,VND,SerpAPI Google Flights,current_observed,C
214,C_20261005_052841,VN106_SGN_DAD_20261014T0545,2026-10-05T05:28:50.398870+07:00,2026-10-05,5,2026-10-14,9,SGN,DAD,Vietnam Airlines,VN 106,2026-10-14 05:45,2026-10-14 07:05,1376181.0,VND,SerpAPI Google Flights,current_observed,C
215,C_20261005_052841,VN110_SGN_DAD_20261014T0645,2026-10-05T05:28:50.398870+07:00,2026-10-05,5,2026-10-14,9,SGN,DAD,Vietnam Airlines,VN 110,2026-10-14 06:45,2026-10-14 08:05,1376181.0,VND,SerpAPI Google Flights,current_observed,C
196,C_20261005_052841,9G956_SGN_DAD_20261014T0705,2026-10-05T05:28:50.398870+07:00,2026-10-05,5,2026-10-14,9,SGN,DAD,Sun PhuQuoc Airways,9G 956,2026-10-14 07:05,2026-10-14 08:30,906181.0,VND,SerpAPI Google Flights,current_observed,C
201,C_20261005_052841,VJ632_SGN_DAD_20261014T0730,2026-10-05T05:28:50.398870+07:00,2026-10-05,5,2026-10-14,9,SGN,DAD,Vietjet,VJ 632,2026-10-14 07:30,2026-10-14 08:50,1210781.0,VND,SerpAPI Google Flights,current_observed,C
204,C_20261005_052841,VN112_SGN_DAD_20261014T0800,2026-10-05T05:28:50.398870+07:00,2026-10-05,5,2026-10-14,9,SGN,DAD,Vietnam Airlines,VN 112,2026-10-14 08:00,2026-10-14 09:20,1225181.0,VND,SerpAPI Google Flights,current_observed,C
193,C_20261005_052841,VU672_SGN_DAD_20261014T0850,2026-10-05T05:28:50.398870+07:00,2026-10-05,5,2026-10-14,9,SGN,DAD,Vietravel Airlines,VU 672,2026-10-14 08:50,2026-10-14 10:15,715821.0,VND,SerpAPI Google Flights,current_observed,C
200,C_20261005_052841,VJ630_SGN_DAD_20261014T0900,2026-10-05T05:28:50.398870+07:00,2026-10-05,5,2026-10-14,9,SGN,DAD,Vietjet,VJ 630,2026-10-14 09:00,2026-10-14 10:20,994781.0,VND,SerpAPI Google Flights,current_observed,C
205,C_20261005_052841,VN118_SGN_DAD_20261014T0905,2026-10-05T05:28:50.398870+07:00,2026-10-05,5,2026-10-14,9,SGN,DAD,Vietnam Airlines,VN 118,2026-10-14 09:05,2026-10-14 10:25,1225181.0,VND,SerpAPI Google Flights,current_observed,C
206,C_20261005_052841,VN122_SGN_DAD_20261014T1000,2026-10-05T05:28:50.398870+07:00,2026-10-05,5,2026-10-14,9,SGN,DAD,Vietnam Airlines,VN 122,2026-10-14 10:00,2026-10-14 11:20,1225181.0,VND,SerpAPI Google Flights,current_observed,C
192,C_20261005_052841,QH154_SGN_DAD_20261014T1005,2026-10-05T05:28:50.398870+07:00,2026-10-05,5,2026-10-14,9,SGN,DAD,Bamboo Airways,QH 154,2026-10-14 10:05,2026-10-14 11:30,,VND,SerpAPI Google Flights,current_observed,C
213,C_20261005_052841,VJ634_SGN_DAD_20261014T1045,2026-10-05T05:28:50.398870+07:00,2026-10-05,5,2026-10-14,9,SGN,DAD,Vietjet,VJ 634,2026-10-14 10:45,2026-10-14 12:05,1340381.0,VND,SerpAPI Google Flights,current_observed,C
207,C_20261005_052841,VN126_SGN_DAD_20261014T1100,2026-10-05T05:28:50.398870+07:00,2026-10-05,5,2026-10-14,9,SGN,DAD,Vietnam Airlines,VN 126,2026-10-14 11:00,2026-10-14 12:20,1225181.0,VND,SerpAPI Google Flights,current_observed,C
216,C_20261005_052841,VN6036_SGN_DAD_20261014T1145,2026-10-05T05:28:50.398870+07:00,2026-10-05,5,2026-10-14,9,SGN,DAD,Vietnam Airlines,VN 6036,2026-10-14 11:45,2026-10-14 13:15,1384181.0,VND,SerpAPI Google Flights,current_observed,C
190,C_20261005_052841,VJ636_SGN_DAD_20261014T1300,2026-10-05T05:28:50.398870+07:00,2026-10-05,5,2026-10-14,9,SGN,DAD,Vietjet,VJ 636,2026-10-14 13:00,2026-10-14 14:20,742061.0,VND,SerpAPI Google Flights,current_observed,C
188,C_20261005_052841,VU678_SGN_DAD_20261014T1320,2026-10-05T05:28:50.398870+07:00,2026-10-05,5,2026-10-14,9,SGN,DAD,Vietravel Airlines,VU 678,2026-10-14 13:20,2026-10-14 14:45,715821.0,VND,SerpAPI Google Flights,current_observed,C
208,C_20261005_052841,VN132_SGN_DAD_20261014T1325,2026-10-05T05:28:50.398870+07:00,2026-10-05,5,2026-10-14,9,SGN,DAD,Vietnam Airlines,VN 132,2026-10-14 13:25,2026-10-14 14:45,1225181.0,VND,SerpAPI Google Flights,current_observed,C
194,C_20261005_052841,VJ638_SGN_DAD_20261014T1330,2026-10-05T05:28:50.398870+07:00,2026-10-05,5,2026-10-14,9,SGN,DAD,Vietjet,VJ 638,2026-10-14 13:30,2026-10-14 14:50,742061.0,VND,SerpAPI Google Flights,current_observed,C
217,C_20261005_052841,VJ640_SGN_DAD_20261014T1510,2026-10-05T05:28:50.398870+07:00,2026-10-05,5,2026-10-14,9,SGN,DAD,Vietjet,VJ 640,2026-10-14 15:10,2026-10-14 16:30,1480781.0,VND,SerpAPI Google Flights,current_observed,C
209,C_20261005_052841,VN134_SGN_DAD_20261014T1530,2026-10-05T05:28:50.398870+07:00,2026-10-05,5,2026-10-14,9,SGN,DAD,Vietnam Airlines,VN 134,2026-10-14 15:30,2026-10-14 16:50,1225181.0,VND,SerpAPI Google Flights,current_observed,C
210,C_20261005_052841,VN136_SGN_DAD_20261014T1600,2026-10-05T05:28:50.398870+07:00,2026-10-05,5,2026-10-14,9,SGN,DAD,Vietnam Airlines,VN 136,2026-10-14 16:00,2026-10-14 17:20,1225181.0,VND,SerpAPI Google Flights,current_observed,C
211,C_20261005_052841,VN140_SGN_DAD_20261014T1645,2026-10-05T05:28:50.398870+07:00,2026-10-05,5,2026-10-14,9,SGN,DAD,Vietnam Airlines,VN 140,2026-10-14 16:45,2026-10-14 18:05,1225181.0,VND,SerpAPI Google Flights,current_observed,C
191,C_20261005_052841,9G978_SGN_DAD_20261014T1730,2026-10-05T05:28:50.398870+07:00,2026-10-05,5,2026-10-14,9,SGN,DAD,Sun PhuQuoc Airways,9G 978,2026-10-14 17:30,2026-10-14 18:55,906181.0,VND,SerpAPI Google Flights,current_observed,C
189,C_20261005_052841,VU684_SGN_DAD_20261014T1820,2026-10-05T05:28:50.398870+07:00,2026-10-05,5,2026-10-14,9,SGN,DAD,Vietravel Airlines,VU 684,2026-10-14 18:20,2026-10-14 19:45,715821.0,VND,SerpAPI Google Flights,current_observed,C
202,C_20261005_052841,VJ642_SGN_DAD_20261014T1830,2026-10-05T05:28:50.398870+07:00,2026-10-05,5,2026-10-14,9,SGN,DAD,Vietjet,VJ 642,2026-10-14 18:30,2026-10-14 19:50,1210781.0,VND,SerpAPI Google Flights,current_observed,C
212,C_20261005_052841,VN142_SGN_DAD_20261014T1855,2026-10-05T05:28:50.398870+07:00,2026-10-05,5,2026-10-14,9,SGN,DAD,Vietnam Airlines,VN 142,2026-10-14 18:55,2026-10-14 20:30,1225181.0,VND,SerpAPI Google Flights,current_observed,C
197,C_20261005_052841,9G984_SGN_DAD_20261014T1900,2026-10-05T05:28:50.398870+07:00,2026-10-05,5,2026-10-14,9,SGN,DAD,Sun PhuQuoc Airways,9G 984,2026-10-14 19:00,2026-10-14 20:25,906181.0,VND,SerpAPI Google Flights,current_observed,C
203,C_20261005_052841,VJ644_SGN_DAD_20261014T1920,2026-10-05T05:28:50.398870+07:00,2026-10-05,5,2026-10-14,9,SGN,DAD,Vietjet,VJ 644,2026-10-14 19:20,2026-10-14 20:40,1210781.0,VND,SerpAPI Google Flights,current_observed,C
199,C_20261005_052841,VN146_SGN_DAD_20261014T1935,2026-10-05T05:28:50.398870+07:00,2026-10-05,5,2026-10-14,9,SGN,DAD,Vietnam Airlines,VN 146,2026-10-14 19:35,2026-10-14 21:00,988181.0,VND,SerpAPI Google Flights,current_observed,C
198,C_20261005_052841,9G988_SGN_DAD_20261014T2005,2026-10-05T05:28:50.398870+07:00,2026-10-05,5,2026-10-14,9,SGN,DAD,Sun PhuQuoc Airways,9G 988,2026-10-14 20:05,2026-10-14 21:30,906181.0,VND,SerpAPI Google Flights,current_observed,C
195,C_20261005_052841,VJ652_SGN_DAD_20261014T2110,2026-10-05T05:28:50.398870+07:00,2026-10-05,5,2026-10-14,9,SGN,DAD,Vietjet,VJ 652,2026-10-14 21:10,2026-10-14 22:30,742061.0,VND,SerpAPI Google Flights,current_observed,C
221,C_20261005_052841,QH101_HAN_DAD_20261014T0540,2026-10-05T05:28:52.951579+07:00,2026-10-05,5,2026-10-14,9,HAN,DAD,Bamboo Airways,QH 101,2026-10-14 05:40,2026-10-14 07:05,,VND,SerpAPI Google Flights,current_observed,C
223,C_20261005_052841,VJ501_HAN_DAD_20261014T0540,2026-10-05T05:28:52.951579+07:00,2026-10-05,5,2026-10-14,9,HAN,DAD,Vietjet,VJ 501,2026-10-14 05:40,2026-10-14 07:00,742061.0,VND,SerpAPI Google Flights,current_observed,C
222,C_20261005_052841,VU635_HAN_DAD_20261014T0615,2026-10-05T05:28:52.951579+07:00,2026-10-05,5,2026-10-14,9,HAN,DAD,Vietravel Airlines,VU 635,2026-10-14 06:15,2026-10-14 07:40,715821.0,VND,SerpAPI Google Flights,current_observed,C
236,C_20261005_052841,9G905_HAN_DAD_20261014T0615,2026-10-05T05:28:52.951579+07:00,2026-10-05,5,2026-10-14,9,HAN,DAD,Sun PhuQuoc Airways,9G 905,2026-10-14 06:15,2026-10-14 07:35,1165181.0,VND,SerpAPI Google Flights,current_observed,C
233,C_20261005_052841,VN159_HAN_DAD_20261014T0650,2026-10-05T05:28:52.951579+07:00,2026-10-05,5,2026-10-14,9,HAN,DAD,Vietnam Airlines,VN 159,2026-10-14 06:50,2026-10-14 08:15,998181.0,VND,SerpAPI Google Flights,current_observed,C
228,C_20261005_052841,9G907_HAN_DAD_20261014T0705,2026-10-05T05:28:52.951579+07:00,2026-10-05,5,2026-10-14,9,HAN,DAD,Sun PhuQuoc Airways,9G 907,2026-10-14 07:05,2026-10-14 08:25,906181.0,VND,SerpAPI Google Flights,current_observed,C
237,C_20261005_052841,VJ503_HAN_DAD_20261014T0730,2026-10-05T05:28:52.951579+07:00,2026-10-05,5,2026-10-14,9,HAN,DAD,Vietjet,VJ 503,2026-10-14 07:30,2026-10-14 08:50,1210781.0,VND,SerpAPI Google Flights,current_observed,C
240,C_20261005_052841,VN163_HAN_DAD_20261014T0745,2026-10-05T05:28:52.951579+07:00,2026-10-05,5,2026-10-14,9,HAN,DAD,Vietnam Airlines,VN 163,2026-10-14 07:45,2026-10-14 09:10,1214181.0,VND,SerpAPI Google Flights,current_observed,C
235,C_20261005_052841,VN6081_HAN_DAD_20261014T0815,2026-10-05T05:28:52.951579+07:00,2026-10-05,5,2026-10-14,9,HAN,DAD,Vietnam Airlines,VN 6081,2026-10-14 08:15,2026-10-14 09:45,1117181.0,VND,SerpAPI Google Flights,current_observed,C
238,C_20261005_052841,VJ505_HAN_DAD_20261014T0905,2026-10-05T05:28:52.951579+07:00,2026-10-05,5,2026-10-14,9,HAN,DAD,Vietjet,VJ 505,2026-10-14 09:05,2026-10-14 10:25,1210781.0,VND,SerpAPI Google Flights,current_observed,C
248,C_20261005_052841,VN165_HAN_DAD_20261014T0935,2026-10-05T05:28:52.951579+07:00,2026-10-05,5,2026-10-14,9,HAN,DAD,Vietnam Airlines,VN 165,2026-10-14 09:35,2026-10-14 11:00,1376181.0,VND,SerpAPI Google Flights,current_observed,C
234,C_20261005_052841,9G911_HAN_DAD_20261014T1020,2026-10-05T05:28:52.951579+07:00,2026-10-05,5,2026-10-14,9,HAN,DAD,Sun PhuQuoc Airways,9G 911,2026-10-14 10:20,2026-10-14 11:40,1014181.0,VND,SerpAPI Google Flights,current_observed,C
249,C_20261005_052841,VN167_HAN_DAD_20261014T1055,2026-10-05T05:28:52.951579+07:00,2026-10-05,5,2026-10-14,9,HAN,DAD,Vietnam Airlines,VN 167,2026-10-14 10:55,2026-10-14 12:20,1376181.0,VND,SerpAPI Google Flights,current_observed,C
231,C_20261005_052841,VJ507_HAN_DAD_20261014T1110,2026-10-05T05:28:52.951579+07:00,2026-10-05,5,2026-10-14,9,HAN,DAD,Vietjet,VJ 507,2026-10-14 11:10,2026-10-14 12:30,994781.0,VND,SerpAPI Google Flights,current_observed,C
250,C_20261005_052841,VN171_HAN_DAD_20261014T1145,2026-10-05T05:28:52.951579+07:00,2026-10-05,5,2026-10-14,9,HAN,DAD,Vietnam Airlines,VN 171,2026-10-14 11:45,2026-10-14 13:10,1376181.0,VND,SerpAPI Google Flights,current_observed,C
251,C_20261005_052841,VN169_HAN_DAD_20261014T1150,2026-10-05T05:28:52.951579+07:00,2026-10-05,5,2026-10-14,9,HAN,DAD,Vietnam Airlines,VN 169,2026-10-14 11:50,2026-10-14 13:15,1376181.0,VND,SerpAPI Google Flights,current_observed,C
232,C_20261005_052841,VJ515_HAN_DAD_20261014T1210,2026-10-05T05:28:52.951579+07:00,2026-10-05,5,2026-10-14,9,HAN,DAD,Vietjet,VJ 515,2026-10-14 12:10,2026-10-14 13:30,994781.0,VND,SerpAPI Google Flights,current_observed,C
241,C_20261005_052841,VN161_HAN_DAD_20261014T1240,2026-10-05T05:28:52.951579+07:00,2026-10-05,5,2026-10-14,9,HAN,DAD,Vietnam Airlines,VN 161,2026-10-14 12:40,2026-10-14 14:05,1214181.0,VND,SerpAPI Google Flights,current_observed,C
220,C_20261005_052841,9G923_HAN_DAD_20261014T1315,2026-10-05T05:28:52.951579+07:00,2026-10-05,5,2026-10-14,9,HAN,DAD,Sun PhuQuoc Airways,9G 923,2026-10-14 13:15,2026-10-14 14:35,906181.0,VND,SerpAPI Google Flights,current_observed,C
242,C_20261005_052841,VN7051_HAN_DAD_20261014T1350,2026-10-05T05:28:52.951579+07:00,2026-10-05,5,2026-10-14,9,HAN,DAD,Vietnam Airlines,VN 7051,2026-10-14 13:50,2026-10-14 15:15,1214181.0,VND,SerpAPI Google Flights,current_observed,C
219,C_20261005_052841,VJ525_HAN_DAD_20261014T1405,2026-10-05T05:28:52.951579+07:00,2026-10-05,5,2026-10-14,9,HAN,DAD,Vietjet,VJ 525,2026-10-14 14:05,2026-10-14 15:30,742061.0,VND,SerpAPI Google Flights,current_observed,C
239,C_20261005_052841,VJ1505_HAN_DAD_20261014T1435,2026-10-05T05:28:52.951579+07:00,2026-10-05,5,2026-10-14,9,HAN,DAD,Vietjet,VJ 1505,2026-10-14 14:35,2026-10-14 15:55,1210781.0,VND,SerpAPI Google Flights,current_observed,C
243,C_20261005_052841,VN173_HAN_DAD_20261014T1435,2026-10-05T05:28:52.951579+07:00,2026-10-05,5,2026-10-14,9,HAN,DAD,Vietnam Airlines,VN 173,2026-10-14 14:35,2026-10-14 16:00,1214181.0,VND,SerpAPI Google Flights,current_observed,C
229,C_20261005_052841,9G925_HAN_DAD_20261014T1510,2026-10-05T05:28:52.951579+07:00,2026-10-05,5,2026-10-14,9,HAN,DAD,Sun PhuQuoc Airways,9G 925,2026-10-14 15:10,2026-10-14 16:30,906181.0,VND,SerpAPI Google Flights,current_observed,C
244,C_20261005_052841,VN179_HAN_DAD_20261014T1605,2026-10-05T05:28:52.951579+07:00,2026-10-05,5,2026-10-14,9,HAN,DAD,Vietnam Airlines,VN 179,2026-10-14 16:05,2026-10-14 17:30,1214181.0,VND,SerpAPI Google Flights,current_observed,C
245,C_20261005_052841,VN177_HAN_DAD_20261014T1610,2026-10-05T05:28:52.951579+07:00,2026-10-05,5,2026-10-14,9,HAN,DAD,Vietnam Airlines,VN 177,2026-10-14 16:10,2026-10-14 17:35,1214181.0,VND,SerpAPI Google Flights,current_observed,C
253,C_20261005_052841,9G927_HAN_DAD_20261014T1615,2026-10-05T05:28:52.951579+07:00,2026-10-05,5,2026-10-14,9,HAN,DAD,Sun PhuQuoc Airways,9G 927,2026-10-14 16:15,2026-10-14 17:35,1424181.0,VND,SerpAPI Google Flights,current_observed,C
224,C_20261005_052841,VJ1511_HAN_DAD_20261014T1635,2026-10-05T05:28:52.951579+07:00,2026-10-05,5,2026-10-14,9,HAN,DAD,Vietjet,VJ 1511,2026-10-14 16:35,2026-10-14 17:55,742061.0,VND,SerpAPI Google Flights,current_observed,C
218,C_20261005_052841,VU639_HAN_DAD_20261014T1655,2026-10-05T05:28:52.951579+07:00,2026-10-05,5,2026-10-14,9,HAN,DAD,Vietravel Airlines,VU 639,2026-10-14 16:55,2026-10-14 18:20,715821.0,VND,SerpAPI Google Flights,current_observed,C
252,C_20261005_052841,VN187_HAN_DAD_20261014T1725,2026-10-05T05:28:52.951579+07:00,2026-10-05,5,2026-10-14,9,HAN,DAD,Vietnam Airlines,VN 187,2026-10-14 17:25,2026-10-14 18:50,1376181.0,VND,SerpAPI Google Flights,current_observed,C
225,C_20261005_052841,VJ517_HAN_DAD_20261014T1745,2026-10-05T05:28:52.951579+07:00,2026-10-05,5,2026-10-14,9,HAN,DAD,Vietjet,VJ 517,2026-10-14 17:45,2026-10-14 19:05,742061.0,VND,SerpAPI Google Flights,current_observed,C
255,C_20261005_052841,VN6071_HAN_DAD_20261014T1820,2026-10-05T05:28:52.951579+07:00,2026-10-05,5,2026-10-14,9,HAN,DAD,Vietnam Airlines,VN 6071,2026-10-14 18:20,2026-10-14 19:50,2497181.0,VND,SerpAPI Google Flights,current_observed,C
226,C_20261005_052841,VJ521_HAN_DAD_20261014T1845,2026-10-05T05:28:52.951579+07:00,2026-10-05,5,2026-10-14,9,HAN,DAD,Vietjet,VJ 521,2026-10-14 18:45,2026-10-14 20:05,742061.0,VND,SerpAPI Google Flights,current_observed,C
227,C_20261005_052841,VJ519_HAN_DAD_20261014T1925,2026-10-05T05:28:52.951579+07:00,2026-10-05,5,2026-10-14,9,HAN,DAD,Vietjet,VJ 519,2026-10-14 19:25,2026-10-14 20:45,742061.0,VND,SerpAPI Google Flights,current_observed,C
254,C_20261005_052841,9G935_HAN_DAD_20261014T1930,2026-10-05T05:28:52.951579+07:00,2026-10-05,5,2026-10-14,9,HAN,DAD,Sun PhuQuoc Airways,9G 935,2026-10-14 19:30,2026-10-14 20:50,1424181.0,VND,SerpAPI Google Flights,current_observed,C
230,C_20261005_052841,9G939_HAN_DAD_20261014T2020,2026-10-05T05:28:52.951579+07:00,2026-10-05,5,2026-10-14,9,HAN,DAD,Sun PhuQuoc Airways,9G 939,2026-10-14 20:20,2026-10-14 21:40,906181.0,VND,SerpAPI Google Flights,current_observed,C
246,C_20261005_052841,VN199_HAN_DAD_20261014T2025,2026-10-05T05:28:52.951579+07:00,2026-10-05,5,2026-10-14,9,HAN,DAD,Vietnam Airlines,VN 199,2026-10-14 20:25,2026-10-14 21:50,1214181.0,VND,SerpAPI Google Flights,current_observed,C
247,C_20261005_052841,VN7197_HAN_DAD_20261014T2035,2026-10-05T05:28:52.951579+07:00,2026-10-05,5,2026-10-14,9,HAN,DAD,Vietnam Airlines,VN 7197,2026-10-14 20:35,2026-10-14 22:00,1214181.0,VND,SerpAPI Google Flights,current_observed,C
257,C_20261005_052841,VN1380_SGN_DLI_20261014T0550,2026-10-05T05:28:55.697049+07:00,2026-10-05,5,2026-10-14,9,SGN,DLI,Vietnam Airlines,VN 1380,2026-10-14 05:50,2026-10-14 06:45,923181.0,VND,SerpAPI Google Flights,current_observed,C
256,C_20261005_052841,VN6170_SGN_DLI_20261014T0700,2026-10-05T05:28:55.697049+07:00,2026-10-05,5,2026-10-14,9,SGN,DLI,Vietnam Airlines,VN 6170,2026-10-14 07:00,2026-10-14 07:55,870181.0,VND,SerpAPI Google Flights,current_observed,C
261,C_20261005_052841,VN1382_SGN_DLI_20261014T1020,2026-10-05T05:28:55.697049+07:00,2026-10-05,5,2026-10-14,9,SGN,DLI,Vietnam Airlines,VN 1382,2026-10-14 10:20,2026-10-14 11:15,1903181.0,VND,SerpAPI Google Flights,current_observed,C
260,C_20261005_052841,VN7388_SGN_DLI_20261014T1405,2026-10-05T05:28:55.697049+07:00,2026-10-05,5,2026-10-14,9,SGN,DLI,Vietnam Airlines,VN 7388,2026-10-14 14:05,2026-10-14 15:00,1096181.0,VND,SerpAPI Google Flights,current_observed,C
259,C_20261005_052841,VJ362_SGN_DLI_20261014T1435,2026-10-05T05:28:55.697049+07:00,2026-10-05,5,2026-10-14,9,SGN,DLI,Vietjet,VJ 362,2026-10-14 14:35,2026-10-14 15:30,994781.0,VND,SerpAPI Google Flights,current_observed,C
258,C_20261005_052841,VN1386_SGN_DLI_20261014T1730,2026-10-05T05:28:55.697049+07:00,2026-10-05,5,2026-10-14,9,SGN,DLI,Vietnam Airlines,VN 1386,2026-10-14 17:30,2026-10-14 18:25,923181.0,VND,SerpAPI Google Flights,current_observed,C
266,C_20261005_052841,VN1573_HAN_DLI_20261014T0655,2026-10-05T05:29:00.300395+07:00,2026-10-05,5,2026-10-14,9,HAN,DLI,Vietnam Airlines,VN 1573,2026-10-14 06:55,2026-10-14 08:50,1646181.0,VND,SerpAPI Google Flights,current_observed,C
265,C_20261005_052841,VJ403_HAN_DLI_20261014T1025,2026-10-05T05:29:00.300395+07:00,2026-10-05,5,2026-10-14,9,HAN,DLI,Vietjet,VJ 403,2026-10-14 10:25,2026-10-14 12:15,1642781.0,VND,SerpAPI Google Flights,current_observed,C
267,C_20261005_052841,VN1575_HAN_DLI_20261014T1130,2026-10-05T05:29:00.300395+07:00,2026-10-05,5,2026-10-14,9,HAN,DLI,Vietnam Airlines,VN 1575,2026-10-14 11:30,2026-10-14 13:25,1646181.0,VND,SerpAPI Google Flights,current_observed,C
263,C_20261005_052841,VJ407_HAN_DLI_20261014T1400,2026-10-05T05:29:00.300395+07:00,2026-10-05,5,2026-10-14,9,HAN,DLI,Vietjet,VJ 407,2026-10-14 14:00,2026-10-14 15:50,1426781.0,VND,SerpAPI Google Flights,current_observed,C
264,C_20261005_052841,VJ405_HAN_DLI_20261014T1540,2026-10-05T05:29:00.300395+07:00,2026-10-05,5,2026-10-14,9,HAN,DLI,Vietjet,VJ 405,2026-10-14 15:40,2026-10-14 17:30,1426781.0,VND,SerpAPI Google Flights,current_observed,C
262,C_20261005_052841,VU1283_HAN_DLI_20261014T1720,2026-10-05T05:29:00.300395+07:00,2026-10-05,5,2026-10-14,9,HAN,DLI,Vietravel Airlines,VU 1283,2026-10-14 17:20,2026-10-14 19:15,1083021.0,VND,SerpAPI Google Flights,current_observed,C
280,C_20261005_052841,9G1955_SGN_PQC_20261014T0705,2026-10-05T05:29:02.759214+07:00,2026-10-05,5,2026-10-14,9,SGN,PQC,Sun PhuQuoc Airways,9G 1955,2026-10-14 07:05,2026-10-14 08:05,873181.0,VND,SerpAPI Google Flights,current_observed,C
271,C_20261005_052841,VJ339_SGN_PQC_20261014T0750,2026-10-05T05:29:02.759214+07:00,2026-10-05,5,2026-10-14,9,SGN,PQC,Vietjet,VJ 339,2026-10-14 07:50,2026-10-14 08:50,711821.0,VND,SerpAPI Google Flights,current_observed,C
277,C_20261005_052841,VN1823_SGN_PQC_20261014T0805,2026-10-05T05:29:02.759214+07:00,2026-10-05,5,2026-10-14,9,SGN,PQC,Vietnam Airlines,VN 1823,2026-10-14 08:05,2026-10-14 09:00,815181.0,VND,SerpAPI Google Flights,current_observed,C
286,C_20261005_052841,VJ321_SGN_PQC_20261014T0850,2026-10-05T05:29:02.759214+07:00,2026-10-05,5,2026-10-14,9,SGN,PQC,Vietjet,VJ 321,2026-10-14 08:50,2026-10-14 09:55,1480781.0,VND,SerpAPI Google Flights,current_observed,C
285,C_20261005_052841,VJ337_SGN_PQC_20261014T0910,2026-10-05T05:29:02.759214+07:00,2026-10-05,5,2026-10-14,9,SGN,PQC,Vietjet,VJ 337,2026-10-14 09:10,2026-10-14 10:10,1210781.0,VND,SerpAPI Google Flights,current_observed,C
281,C_20261005_052841,9G1963_SGN_PQC_20261014T0940,2026-10-05T05:29:02.759214+07:00,2026-10-05,5,2026-10-14,9,SGN,PQC,Sun PhuQuoc Airways,9G 1963,2026-10-14 09:40,2026-10-14 10:40,873181.0,VND,SerpAPI Google Flights,current_observed,C
278,C_20261005_052841,VN1825_SGN_PQC_20261014T1025,2026-10-05T05:29:02.759214+07:00,2026-10-05,5,2026-10-14,9,SGN,PQC,Vietnam Airlines,VN 1825,2026-10-14 10:25,2026-10-14 11:25,815181.0,VND,SerpAPI Google Flights,current_observed,C
282,C_20261005_052841,9G1965_SGN_PQC_20261014T1035,2026-10-05T05:29:02.759214+07:00,2026-10-05,5,2026-10-14,9,SGN,PQC,Sun PhuQuoc Airways,9G 1965,2026-10-14 10:35,2026-10-14 11:35,873181.0,VND,SerpAPI Google Flights,current_observed,C
276,C_20261005_052841,VJ335_SGN_PQC_20261014T1120,2026-10-05T05:29:02.759214+07:00,2026-10-05,5,2026-10-14,9,SGN,PQC,Vietjet,VJ 335,2026-10-14 11:20,2026-10-14 12:20,776621.0,VND,SerpAPI Google Flights,current_observed,C
272,C_20261005_052841,VJ1327_SGN_PQC_20261014T1135,2026-10-05T05:29:02.759214+07:00,2026-10-05,5,2026-10-14,9,SGN,PQC,Vietjet,VJ 1327,2026-10-14 11:35,2026-10-14 12:40,711821.0,VND,SerpAPI Google Flights,current_observed,C
283,C_20261005_052841,9G1969_SGN_PQC_20261014T1135,2026-10-05T05:29:02.759214+07:00,2026-10-05,5,2026-10-14,9,SGN,PQC,Sun PhuQuoc Airways,9G 1969,2026-10-14 11:35,2026-10-14 12:35,873181.0,VND,SerpAPI Google Flights,current_observed,C
268,C_20261005_052841,VJ1329_SGN_PQC_20261014T1200,2026-10-05T05:29:02.759214+07:00,2026-10-05,5,2026-10-14,9,SGN,PQC,Vietjet,VJ 1329,2026-10-14 12:00,2026-10-14 13:00,711821.0,VND,SerpAPI Google Flights,current_observed,C
269,C_20261005_052841,VN1827_SGN_PQC_20261014T1305,2026-10-05T05:29:02.759214+07:00,2026-10-05,5,2026-10-14,9,SGN,PQC,Vietnam Airlines,VN 1827,2026-10-14 13:05,2026-10-14 14:00,815181.0,VND,SerpAPI Google Flights,current_observed,C
273,C_20261005_052841,VJ1321_SGN_PQC_20261014T1345,2026-10-05T05:29:02.759214+07:00,2026-10-05,5,2026-10-14,9,SGN,PQC,Vietjet,VJ 1321,2026-10-14 13:45,2026-10-14 14:50,711821.0,VND,SerpAPI Google Flights,current_observed,C
274,C_20261005_052841,VJ325_SGN_PQC_20261014T1425,2026-10-05T05:29:02.759214+07:00,2026-10-05,5,2026-10-14,9,SGN,PQC,Vietjet,VJ 325,2026-10-14 14:25,2026-10-14 15:35,711821.0,VND,SerpAPI Google Flights,current_observed,C
275,C_20261005_052841,VJ327_SGN_PQC_20261014T1450,2026-10-05T05:29:02.759214+07:00,2026-10-05,5,2026-10-14,9,SGN,PQC,Vietjet,VJ 327,2026-10-14 14:50,2026-10-14 15:50,711821.0,VND,SerpAPI Google Flights,current_observed,C
270,C_20261005_052841,VN1829_SGN_PQC_20261014T1530,2026-10-05T05:29:02.759214+07:00,2026-10-05,5,2026-10-14,9,SGN,PQC,Vietnam Airlines,VN 1829,2026-10-14 15:30,2026-10-14 16:30,815181.0,VND,SerpAPI Google Flights,current_observed,C
284,C_20261005_052841,9G1985_SGN_PQC_20261014T1820,2026-10-05T05:29:02.759214+07:00,2026-10-05,5,2026-10-14,9,SGN,PQC,Sun PhuQuoc Airways,9G 1985,2026-10-14 18:20,2026-10-14 19:20,873181.0,VND,SerpAPI Google Flights,current_observed,C
279,C_20261005_052841,VN1835_SGN_PQC_20261014T2030,2026-10-05T05:29:02.759214+07:00,2026-10-05,5,2026-10-14,9,SGN,PQC,Vietnam Airlines,VN 1835,2026-10-14 20:30,2026-10-14 21:30,815181.0,VND,SerpAPI Google Flights,current_observed,C
291,C_20261005_052841,VJ449_HAN_PQC_20261014T0630,2026-10-05T05:29:07.066714+07:00,2026-10-05,5,2026-10-14,9,HAN,PQC,Vietjet,VJ 449,2026-10-14 06:30,2026-10-14 08:35,1187021.0,VND,SerpAPI Google Flights,current_observed,C
287,C_20261005_052841,9G1207_HAN_PQC_20261014T0715,2026-10-05T05:29:07.066714+07:00,2026-10-05,5,2026-10-14,9,HAN,PQC,Sun PhuQuoc Airways,9G 1207,2026-10-14 07:15,2026-10-14 09:20,1154181.0,VND,SerpAPI Google Flights,current_observed,C
288,C_20261005_052841,9G1209_HAN_PQC_20261014T0810,2026-10-05T05:29:07.066714+07:00,2026-10-05,5,2026-10-14,9,HAN,PQC,Sun PhuQuoc Airways,9G 1209,2026-10-14 08:10,2026-10-14 10:15,1154181.0,VND,SerpAPI Google Flights,current_observed,C
296,C_20261005_052841,VJ447_HAN_PQC_20261014T0845,2026-10-05T05:29:07.066714+07:00,2026-10-05,5,2026-10-14,9,HAN,PQC,Vietjet,VJ 447,2026-10-14 08:45,2026-10-14 10:50,1772381.0,VND,SerpAPI Google Flights,current_observed,C
289,C_20261005_052841,9G1221_HAN_PQC_20261014T1025,2026-10-05T05:29:07.066714+07:00,2026-10-05,5,2026-10-14,9,HAN,PQC,Sun PhuQuoc Airways,9G 1221,2026-10-14 10:25,2026-10-14 12:30,1154181.0,VND,SerpAPI Google Flights,current_observed,C
297,C_20261005_052841,VN1233_HAN_PQC_20261014T1110,2026-10-05T05:29:07.066714+07:00,2026-10-05,5,2026-10-14,9,HAN,PQC,Vietnam Airlines,VN 1233,2026-10-14 11:10,2026-10-14 13:20,1981181.0,VND,SerpAPI Google Flights,current_observed,C
290,C_20261005_052841,VJ451_HAN_PQC_20261014T1145,2026-10-05T05:29:07.066714+07:00,2026-10-05,5,2026-10-14,9,HAN,PQC,Vietjet,VJ 451,2026-10-14 11:45,2026-10-14 13:55,1187021.0,VND,SerpAPI Google Flights,current_observed,C
293,C_20261005_052841,9G1223_HAN_PQC_20261014T1150,2026-10-05T05:29:07.066714+07:00,2026-10-05,5,2026-10-14,9,HAN,PQC,Sun PhuQuoc Airways,9G 1223,2026-10-14 11:50,2026-10-14 13:55,1435181.0,VND,SerpAPI Google Flights,current_observed,C
294,C_20261005_052841,VJ453_HAN_PQC_20261014T1300,2026-10-05T05:29:07.066714+07:00,2026-10-05,5,2026-10-14,9,HAN,PQC,Vietjet,VJ 453,2026-10-14 13:00,2026-10-14 15:05,1642781.0,VND,SerpAPI Google Flights,current_observed,C
295,C_20261005_052841,VJ441_HAN_PQC_20261014T1645,2026-10-05T05:29:07.066714+07:00,2026-10-05,5,2026-10-14,9,HAN,PQC,Vietjet,VJ 441,2026-10-14 16:45,2026-10-14 18:50,1642781.0,VND,SerpAPI Google Flights,current_observed,C
292,C_20261005_052841,VJ455_HAN_PQC_20261014T2005,2026-10-05T05:29:07.066714+07:00,2026-10-05,5,2026-10-14,9,HAN,PQC,Vietjet,VJ 455,2026-10-14 20:05,2026-10-14 22:10,1187021.0,VND,SerpAPI Google Flights,current_observed,C
323,A_20261005_082834,VJ120_SGN_HAN_20261014T0500,2026-10-05T08:28:35.845596+07:00,2026-10-05,8,2026-10-14,9,SGN,HAN,Vietjet,VJ 120,2026-10-14 05:00,2026-10-14 07:10,1772381.0,VND,SerpAPI Google Flights,current_observed,A
359,A_20261005_082834,VN6002_SGN_HAN_20261014T0500,2026-10-05T08:28:35.845596+07:00,2026-10-05,8,2026-10-14,9,SGN,HAN,Vietnam Airlines,VN 6002,2026-10-14 05:00,2026-10-14 07:10,2494181.0,VND,SerpAPI Google Flights,current_observed,A
302,A_20261005_082834,9G802_SGN_HAN_20261014T0515,2026-10-05T08:28:35.845596+07:00,2026-10-05,8,2026-10-14,9,SGN,HAN,Sun PhuQuoc Airways,9G 802,2026-10-14 05:15,2026-10-14 07:25,1381181.0,VND,SerpAPI Google Flights,current_observed,A
305,A_20261005_082834,VU750_SGN_HAN_20261014T0535,2026-10-05T08:28:35.845596+07:00,2026-10-05,8,2026-10-14,9,SGN,HAN,Vietravel Airlines,VU 750,2026-10-14 05:35,2026-10-14 07:45,1234221.0,VND,SerpAPI Google Flights,current_observed,A
308,A_20261005_082834,9G804_SGN_HAN_20261014T0545,2026-10-05T08:28:35.845596+07:00,2026-10-05,8,2026-10-14,9,SGN,HAN,Sun PhuQuoc Airways,9G 804,2026-10-14 05:45,2026-10-14 07:55,1381181.0,VND,SerpAPI Google Flights,current_observed,A
342,A_20261005_082834,VN206_SGN_HAN_20261014T0600,2026-10-05T08:28:35.845596+07:00,2026-10-05,8,2026-10-14,9,SGN,HAN,Vietnam Airlines,VN 206,2026-10-14 06:00,2026-10-14 08:10,1949181.0,VND,SerpAPI Google Flights,current_observed,A
324,A_20261005_082834,VJ124_SGN_HAN_20261014T0605,2026-10-05T08:28:35.845596+07:00,2026-10-05,8,2026-10-14,9,SGN,HAN,Vietjet,VJ 124,2026-10-14 06:05,2026-10-14 08:15,1772381.0,VND,SerpAPI Google Flights,current_observed,A
343,A_20261005_082834,VN7204_SGN_HAN_20261014T0625,2026-10-05T08:28:35.845596+07:00,2026-10-05,8,2026-10-14,9,SGN,HAN,Vietnam Airlines,VN 7204,2026-10-14 06:25,2026-10-14 08:35,1949181.0,VND,SerpAPI Google Flights,current_observed,A
310,A_20261005_082834,9G808_SGN_HAN_20261014T0630,2026-10-05T08:28:35.845596+07:00,2026-10-05,8,2026-10-14,9,SGN,HAN,Sun PhuQuoc Airways,9G 808,2026-10-14 06:30,2026-10-14 08:40,1575181.0,VND,SerpAPI Google Flights,current_observed,A
325,A_20261005_082834,VJ122_SGN_HAN_20261014T0655,2026-10-05T08:28:35.845596+07:00,2026-10-05,8,2026-10-14,9,SGN,HAN,Vietjet,VJ 122,2026-10-14 06:55,2026-10-14 09:05,1772381.0,VND,SerpAPI Google Flights,current_observed,A
306,A_20261005_082834,VU774_SGN_HAN_20261014T0700,2026-10-05T08:28:35.845596+07:00,2026-10-05,8,2026-10-14,9,SGN,HAN,Vietravel Airlines,VU 774,2026-10-14 07:00,2026-10-14 09:10,1234221.0,VND,SerpAPI Google Flights,current_observed,A
350,A_20261005_082834,VN240_SGN_HAN_20261014T0700,2026-10-05T08:28:35.845596+07:00,2026-10-05,8,2026-10-14,9,SGN,HAN,Vietnam Airlines,VN 240,2026-10-14 07:00,2026-10-14 09:10,2186181.0,VND,SerpAPI Google Flights,current_observed,A
311,A_20261005_082834,9G810_SGN_HAN_20261014T0705,2026-10-05T08:28:35.845596+07:00,2026-10-05,8,2026-10-14,9,SGN,HAN,Sun PhuQuoc Airways,9G 810,2026-10-14 07:05,2026-10-14 09:15,1575181.0,VND,SerpAPI Google Flights,current_observed,A
326,A_20261005_082834,VJ126_SGN_HAN_20261014T0730,2026-10-05T08:28:35.845596+07:00,2026-10-05,8,2026-10-14,9,SGN,HAN,Vietjet,VJ 126,2026-10-14 07:30,2026-10-14 09:40,1772381.0,VND,SerpAPI Google Flights,current_observed,A
351,A_20261005_082834,VN208_SGN_HAN_20261014T0800,2026-10-05T08:28:35.845596+07:00,2026-10-05,8,2026-10-14,9,SGN,HAN,Vietnam Airlines,VN 208,2026-10-14 08:00,2026-10-14 10:10,2186181.0,VND,SerpAPI Google Flights,current_observed,A
327,A_20261005_082834,VJ130_SGN_HAN_20261014T0840,2026-10-05T08:28:35.845596+07:00,2026-10-05,8,2026-10-14,9,SGN,HAN,Vietjet,VJ 130,2026-10-14 08:40,2026-10-14 10:50,1772381.0,VND,SerpAPI Google Flights,current_observed,A
348,A_20261005_082834,9G820_SGN_HAN_20261014T0845,2026-10-05T08:28:35.845596+07:00,2026-10-05,8,2026-10-14,9,SGN,HAN,Sun PhuQuoc Airways,9G 820,2026-10-14 08:45,2026-10-14 10:55,1975181.0,VND,SerpAPI Google Flights,current_observed,A
352,A_20261005_082834,VN244_SGN_HAN_20261014T0900,2026-10-05T08:28:35.845596+07:00,2026-10-05,8,2026-10-14,9,SGN,HAN,Vietnam Airlines,VN 244,2026-10-14 09:00,2026-10-14 11:10,2186181.0,VND,SerpAPI Google Flights,current_observed,A
349,A_20261005_082834,9G824_SGN_HAN_20261014T0925,2026-10-05T08:28:35.845596+07:00,2026-10-05,8,2026-10-14,9,SGN,HAN,Sun PhuQuoc Airways,9G 824,2026-10-14 09:25,2026-10-14 11:35,1975181.0,VND,SerpAPI Google Flights,current_observed,A
328,A_20261005_082834,VJ128_SGN_HAN_20261014T0940,2026-10-05T08:28:35.845596+07:00,2026-10-05,8,2026-10-14,9,SGN,HAN,Vietjet,VJ 128,2026-10-14 09:40,2026-10-14 11:50,1772381.0,VND,SerpAPI Google Flights,current_observed,A
353,A_20261005_082834,VN210_SGN_HAN_20261014T1000,2026-10-05T08:28:35.845596+07:00,2026-10-05,8,2026-10-14,9,SGN,HAN,Vietnam Airlines,VN 210,2026-10-14 10:00,2026-10-14 12:10,2186181.0,VND,SerpAPI Google Flights,current_observed,A
312,A_20261005_082834,9G832_SGN_HAN_20261014T1100,2026-10-05T08:28:35.845596+07:00,2026-10-05,8,2026-10-14,9,SGN,HAN,Sun PhuQuoc Airways,9G 832,2026-10-14 11:00,2026-10-14 13:10,1575181.0,VND,SerpAPI Google Flights,current_observed,A
354,A_20261005_082834,VN246_SGN_HAN_20261014T1100,2026-10-05T08:28:35.845596+07:00,2026-10-05,8,2026-10-14,9,SGN,HAN,Vietnam Airlines,VN 246,2026-10-14 11:00,2026-10-14 13:10,2186181.0,VND,SerpAPI Google Flights,current_observed,A
329,A_20261005_082834,VJ134_SGN_HAN_20261014T1120,2026-10-05T08:28:35.845596+07:00,2026-10-05,8,2026-10-14,9,SGN,HAN,Vietjet,VJ 134,2026-10-14 11:20,2026-10-14 13:30,1772381.0,VND,SerpAPI Google Flights,current_observed,A
330,A_20261005_082834,VJ136_SGN_HAN_20261014T1200,2026-10-05T08:28:35.845596+07:00,2026-10-05,8,2026-10-14,9,SGN,HAN,Vietjet,VJ 136,2026-10-14 12:00,2026-10-14 14:10,1772381.0,VND,SerpAPI Google Flights,current_observed,A
355,A_20261005_082834,VN212_SGN_HAN_20261014T1200,2026-10-05T08:28:35.845596+07:00,2026-10-05,8,2026-10-14,9,SGN,HAN,Vietnam Airlines,VN 212,2026-10-14 12:00,2026-10-14 14:10,2186181.0,VND,SerpAPI Google Flights,current_observed,A
313,A_20261005_082834,9G840_SGN_HAN_20261014T1225,2026-10-05T08:28:35.845596+07:00,2026-10-05,8,2026-10-14,9,SGN,HAN,Sun PhuQuoc Airways,9G 840,2026-10-14 12:25,2026-10-14 14:35,1575181.0,VND,SerpAPI Google Flights,current_observed,A
307,A_20261005_082834,VU778_SGN_HAN_20261014T1240,2026-10-05T08:28:35.845596+07:00,2026-10-05,8,2026-10-14,9,SGN,HAN,Vietravel Airlines,VU 778,2026-10-14 12:40,2026-10-14 14:50,1374621.0,VND,SerpAPI Google Flights,current_observed,A
356,A_20261005_082834,VN248_SGN_HAN_20261014T1300,2026-10-05T08:28:35.845596+07:00,2026-10-05,8,2026-10-14,9,SGN,HAN,Vietnam Airlines,VN 248,2026-10-14 13:00,2026-10-14 15:10,2186181.0,VND,SerpAPI Google Flights,current_observed,A
331,A_20261005_082834,VJ138_SGN_HAN_20261014T1305,2026-10-05T08:28:35.845596+07:00,2026-10-05,8,2026-10-14,9,SGN,HAN,Vietjet,VJ 138,2026-10-14 13:05,2026-10-14 15:15,1772381.0,VND,SerpAPI Google Flights,current_observed,A
357,A_20261005_082834,VN214_SGN_HAN_20261014T1400,2026-10-05T08:28:35.845596+07:00,2026-10-05,8,2026-10-14,9,SGN,HAN,Vietnam Airlines,VN 214,2026-10-14 14:00,2026-10-14 16:10,2186181.0,VND,SerpAPI Google Flights,current_observed,A
314,A_20261005_082834,9G846_SGN_HAN_20261014T1410,2026-10-05T08:28:35.845596+07:00,2026-10-05,8,2026-10-14,9,SGN,HAN,Sun PhuQuoc Airways,9G 846,2026-10-14 14:10,2026-10-14 16:20,1575181.0,VND,SerpAPI Google Flights,current_observed,A
341,A_20261005_082834,VJ140_SGN_HAN_20261014T1420,2026-10-05T08:28:35.845596+07:00,2026-10-05,8,2026-10-14,9,SGN,HAN,Vietjet,VJ 140,2026-10-14 14:20,2026-10-14 16:30,1901981.0,VND,SerpAPI Google Flights,current_observed,A
358,A_20261005_082834,VN250_SGN_HAN_20261014T1500,2026-10-05T08:28:35.845596+07:00,2026-10-05,8,2026-10-14,9,SGN,HAN,Vietnam Airlines,VN 250,2026-10-14 15:00,2026-10-14 17:10,2186181.0,VND,SerpAPI Google Flights,current_observed,A
322,A_20261005_082834,9G854_SGN_HAN_20261014T1530,2026-10-05T08:28:35.845596+07:00,2026-10-05,8,2026-10-14,9,SGN,HAN,Sun PhuQuoc Airways,9G 854,2026-10-14 15:30,2026-10-14 17:40,1737181.0,VND,SerpAPI Google Flights,current_observed,A
332,A_20261005_082834,VJ144_SGN_HAN_20261014T1555,2026-10-05T08:28:35.845596+07:00,2026-10-05,8,2026-10-14,9,SGN,HAN,Vietjet,VJ 144,2026-10-14 15:55,2026-10-14 18:05,1772381.0,VND,SerpAPI Google Flights,current_observed,A
344,A_20261005_082834,VN216_SGN_HAN_20261014T1600,2026-10-05T08:28:35.845596+07:00,2026-10-05,8,2026-10-14,9,SGN,HAN,Vietnam Airlines,VN 216,2026-10-14 16:00,2026-10-14 18:10,1949181.0,VND,SerpAPI Google Flights,current_observed,A
333,A_20261005_082834,VJ148_SGN_HAN_20261014T1615,2026-10-05T08:28:35.845596+07:00,2026-10-05,8,2026-10-14,9,SGN,HAN,Vietjet,VJ 148,2026-10-14 16:15,2026-10-14 18:25,1772381.0,VND,SerpAPI Google Flights,current_observed,A
345,A_20261005_082834,VN252_SGN_HAN_20261014T1640,2026-10-05T08:28:35.845596+07:00,2026-10-05,8,2026-10-14,9,SGN,HAN,Vietnam Airlines,VN 252,2026-10-14 16:40,2026-10-14 18:50,1949181.0,VND,SerpAPI Google Flights,current_observed,A
334,A_20261005_082834,VJ146_SGN_HAN_20261014T1645,2026-10-05T08:28:35.845596+07:00,2026-10-05,8,2026-10-14,9,SGN,HAN,Vietjet,VJ 146,2026-10-14 16:45,2026-10-14 18:55,1772381.0,VND,SerpAPI Google Flights,current_observed,A
346,A_20261005_082834,VN254_SGN_HAN_20261014T1700,2026-10-05T08:28:35.845596+07:00,2026-10-05,8,2026-10-14,9,SGN,HAN,Vietnam Airlines,VN 254,2026-10-14 17:00,2026-10-14 19:10,1949181.0,VND,SerpAPI Google Flights,current_observed,A
299,A_20261005_082834,VU780_SGN_HAN_20261014T1710,2026-10-05T08:28:35.845596+07:00,2026-10-05,8,2026-10-14,9,SGN,HAN,Vietravel Airlines,VU 780,2026-10-14 17:10,2026-10-14 19:20,1234221.0,VND,SerpAPI Google Flights,current_observed,A
335,A_20261005_082834,VJ152_SGN_HAN_20261014T1710,2026-10-05T08:28:35.845596+07:00,2026-10-05,8,2026-10-14,9,SGN,HAN,Vietjet,VJ 152,2026-10-14 17:10,2026-10-14 19:20,1772381.0,VND,SerpAPI Google Flights,current_observed,A
336,A_20261005_082834,VJ150_SGN_HAN_20261014T1740,2026-10-05T08:28:35.845596+07:00,2026-10-05,8,2026-10-14,9,SGN,HAN,Vietjet,VJ 150,2026-10-14 17:40,2026-10-14 19:50,1772381.0,VND,SerpAPI Google Flights,current_observed,A
315,A_20261005_082834,9G860_SGN_HAN_20261014T1800,2026-10-05T08:28:35.845596+07:00,2026-10-05,8,2026-10-14,9,SGN,HAN,Sun PhuQuoc Airways,9G 860,2026-10-14 18:00,2026-10-14 20:10,1575181.0,VND,SerpAPI Google Flights,current_observed,A
347,A_20261005_082834,VN218_SGN_HAN_20261014T1800,2026-10-05T08:28:35.845596+07:00,2026-10-05,8,2026-10-14,9,SGN,HAN,Vietnam Airlines,VN 218,2026-10-14 18:00,2026-10-14 20:10,1949181.0,VND,SerpAPI Google Flights,current_observed,A
316,A_20261005_082834,9G868_SGN_HAN_20261014T1845,2026-10-05T08:28:35.845596+07:00,2026-10-05,8,2026-10-14,9,SGN,HAN,Sun PhuQuoc Airways,9G 868,2026-10-14 18:45,2026-10-14 20:55,1575181.0,VND,SerpAPI Google Flights,current_observed,A
337,A_20261005_082834,VJ154_SGN_HAN_20261014T1845,2026-10-05T08:28:35.845596+07:00,2026-10-05,8,2026-10-14,9,SGN,HAN,Vietjet,VJ 154,2026-10-14 18:45,2026-10-14 20:55,1772381.0,VND,SerpAPI Google Flights,current_observed,A
318,A_20261005_082834,VN258_SGN_HAN_20261014T1900,2026-10-05T08:28:35.845596+07:00,2026-10-05,8,2026-10-14,9,SGN,HAN,Vietnam Airlines,VN 258,2026-10-14 19:00,2026-10-14 21:10,1722181.0,VND,SerpAPI Google Flights,current_observed,A
319,A_20261005_082834,VN220_SGN_HAN_20261014T2000,2026-10-05T08:28:35.845596+07:00,2026-10-05,8,2026-10-14,9,SGN,HAN,Vietnam Airlines,VN 220,2026-10-14 20:00,2026-10-14 22:10,1722181.0,VND,SerpAPI Google Flights,current_observed,A
320,A_20261005_082834,VN256_SGN_HAN_20261014T2030,2026-10-05T08:28:35.845596+07:00,2026-10-05,8,2026-10-14,9,SGN,HAN,Vietnam Airlines,VN 256,2026-10-14 20:30,2026-10-14 22:40,1722181.0,VND,SerpAPI Google Flights,current_observed,A
338,A_20261005_082834,VJ160_SGN_HAN_20261014T2030,2026-10-05T08:28:35.845596+07:00,2026-10-05,8,2026-10-14,9,SGN,HAN,Vietjet,VJ 160,2026-10-14 20:30,2026-10-14 22:40,1772381.0,VND,SerpAPI Google Flights,current_observed,A
339,A_20261005_082834,VJ1156_SGN_HAN_20261014T2040,2026-10-05T08:28:35.845596+07:00,2026-10-05,8,2026-10-14,9,SGN,HAN,Vietjet,VJ 1156,2026-10-14 20:40,2026-10-14 22:55,1772381.0,VND,SerpAPI Google Flights,current_observed,A
303,A_20261005_082834,QH268_SGN_HAN_20261014T2055,2026-10-05T08:28:35.845596+07:00,2026-10-05,8,2026-10-14,9,SGN,HAN,Bamboo Airways,QH 268,2026-10-14 20:55,2026-10-14 23:05,,VND,SerpAPI Google Flights,current_observed,A
321,A_20261005_082834,VN260_SGN_HAN_20261014T2100,2026-10-05T08:28:35.845596+07:00,2026-10-05,8,2026-10-14,9,SGN,HAN,Vietnam Airlines,VN 260,2026-10-14 21:00,2026-10-14 23:10,1722181.0,VND,SerpAPI Google Flights,current_observed,A
317,A_20261005_082834,9G882_SGN_HAN_20261014T2155,2026-10-05T08:28:35.845596+07:00,2026-10-05,8,2026-10-14,9,SGN,HAN,Sun PhuQuoc Airways,9G 882,2026-10-14 21:55,2026-10-15 00:05,1575181.0,VND,SerpAPI Google Flights,current_observed,A
300,A_20261005_082834,VN224_SGN_HAN_20261014T2200,2026-10-05T08:28:35.845596+07:00,2026-10-05,8,2026-10-14,9,SGN,HAN,Vietnam Airlines,VN 224,2026-10-14 22:00,2026-10-15 00:10,1290181.0,VND,SerpAPI Google Flights,current_observed,A
340,A_20261005_082834,VJ1128_SGN_HAN_20261014T2215,2026-10-05T08:28:35.845596+07:00,2026-10-05,8,2026-10-14,9,SGN,HAN,Vietjet,VJ 1128,2026-10-14 22:15,2026-10-15 00:25,1772381.0,VND,SerpAPI Google Flights,current_observed,A
298,A_20261005_082834,VJ162_SGN_HAN_20261014T2240,2026-10-05T08:28:35.845596+07:00,2026-10-05,8,2026-10-14,9,SGN,HAN,Vietjet,VJ 162,2026-10-14 22:40,2026-10-15 00:50,1231301.0,VND,SerpAPI Google Flights,current_observed,A
309,A_20261005_082834,9G886_SGN_HAN_20261014T2250,2026-10-05T08:28:35.845596+07:00,2026-10-05,8,2026-10-14,9,SGN,HAN,Sun PhuQuoc Airways,9G 886,2026-10-14 22:50,2026-10-15 01:00,1381181.0,VND,SerpAPI Google Flights,current_observed,A
301,A_20261005_082834,VN270_SGN_HAN_20261014T2300,2026-10-05T08:28:35.845596+07:00,2026-10-05,8,2026-10-14,9,SGN,HAN,Vietnam Airlines,VN 270,2026-10-14 23:00,2026-10-15 01:10,1290181.0,VND,SerpAPI Google Flights,current_observed,A
304,A_20261005_082834,VJ168_SGN_HAN_20261014T2300,2026-10-05T08:28:35.845596+07:00,2026-10-05,8,2026-10-14,9,SGN,HAN,Vietjet,VJ 168,2026-10-14 23:00,2026-10-15 01:10,1231301.0,VND,SerpAPI Google Flights,current_observed,A
406,A_20261005_082834,VN205_HAN_SGN_20261014T0500,2026-10-05T08:28:38.087597+07:00,2026-10-05,8,2026-10-14,9,HAN,SGN,Vietnam Airlines,VN 205,2026-10-14 05:00,2026-10-14 07:10,1949181.0,VND,SerpAPI Google Flights,current_observed,A
365,A_20261005_082834,9G803_HAN_SGN_20261014T0515,2026-10-05T08:28:38.087597+07:00,2026-10-05,8,2026-10-14,9,HAN,SGN,Sun PhuQuoc Airways,9G 803,2026-10-14 05:15,2026-10-14 07:25,1143181.0,VND,SerpAPI Google Flights,current_observed,A
367,A_20261005_082834,VJ123_HAN_SGN_20261014T0530,2026-10-05T08:28:38.087597+07:00,2026-10-05,8,2026-10-14,9,HAN,SGN,Vietjet,VJ 123,2026-10-14 05:30,2026-10-14 07:40,1231301.0,VND,SerpAPI Google Flights,current_observed,A
366,A_20261005_082834,9G805_HAN_SGN_20261014T0545,2026-10-05T08:28:38.087597+07:00,2026-10-05,8,2026-10-14,9,HAN,SGN,Sun PhuQuoc Airways,9G 805,2026-10-14 05:45,2026-10-14 07:55,1143181.0,VND,SerpAPI Google Flights,current_observed,A
368,A_20261005_082834,VJ121_HAN_SGN_20261014T0600,2026-10-05T08:28:38.087597+07:00,2026-10-05,8,2026-10-14,9,HAN,SGN,Vietjet,VJ 121,2026-10-14 06:00,2026-10-14 08:10,1231301.0,VND,SerpAPI Google Flights,current_observed,A
407,A_20261005_082834,VN243_HAN_SGN_20261014T0600,2026-10-05T08:28:38.087597+07:00,2026-10-05,8,2026-10-14,9,HAN,SGN,Vietnam Airlines,VN 243,2026-10-14 06:00,2026-10-14 08:10,1949181.0,VND,SerpAPI Google Flights,current_observed,A
382,A_20261005_082834,9G809_HAN_SGN_20261014T0630,2026-10-05T08:28:38.087597+07:00,2026-10-05,8,2026-10-14,9,HAN,SGN,Sun PhuQuoc Airways,9G 809,2026-10-14 06:30,2026-10-14 08:40,1381181.0,VND,SerpAPI Google Flights,current_observed,A
369,A_20261005_082834,VJ125_HAN_SGN_20261014T0700,2026-10-05T08:28:38.087597+07:00,2026-10-05,8,2026-10-14,9,HAN,SGN,Vietjet,VJ 125,2026-10-14 07:00,2026-10-14 09:10,1231301.0,VND,SerpAPI Google Flights,current_observed,A
412,A_20261005_082834,VN207_HAN_SGN_20261014T0700,2026-10-05T08:28:38.087597+07:00,2026-10-05,8,2026-10-14,9,HAN,SGN,Vietnam Airlines,VN 207,2026-10-14 07:00,2026-10-14 09:10,2186181.0,VND,SerpAPI Google Flights,current_observed,A
364,A_20261005_082834,QH203_HAN_SGN_20261014T0705,2026-10-05T08:28:38.087597+07:00,2026-10-05,8,2026-10-14,9,HAN,SGN,Bamboo Airways,QH 203,2026-10-14 07:05,2026-10-14 09:20,,VND,SerpAPI Google Flights,current_observed,A
383,A_20261005_082834,9G811_HAN_SGN_20261014T0715,2026-10-05T08:28:38.087597+07:00,2026-10-05,8,2026-10-14,9,HAN,SGN,Sun PhuQuoc Airways,9G 811,2026-10-14 07:15,2026-10-14 09:25,1381181.0,VND,SerpAPI Google Flights,current_observed,A
413,A_20261005_082834,VN245_HAN_SGN_20261014T0800,2026-10-05T08:28:38.087597+07:00,2026-10-05,8,2026-10-14,9,HAN,SGN,Vietnam Airlines,VN 245,2026-10-14 08:00,2026-10-14 10:10,2186181.0,VND,SerpAPI Google Flights,current_observed,A
391,A_20261005_082834,VJ127_HAN_SGN_20261014T0810,2026-10-05T08:28:38.087597+07:00,2026-10-05,8,2026-10-14,9,HAN,SGN,Vietjet,VJ 127,2026-10-14 08:10,2026-10-14 10:20,1642781.0,VND,SerpAPI Google Flights,current_observed,A
380,A_20261005_082834,VU751_HAN_SGN_20261014T0830,2026-10-05T08:28:38.087597+07:00,2026-10-05,8,2026-10-14,9,HAN,SGN,Vietravel Airlines,VU 751,2026-10-14 08:30,2026-10-14 10:40,1374621.0,VND,SerpAPI Google Flights,current_observed,A
392,A_20261005_082834,VJ129_HAN_SGN_20261014T0845,2026-10-05T08:28:38.087597+07:00,2026-10-05,8,2026-10-14,9,HAN,SGN,Vietjet,VJ 129,2026-10-14 08:45,2026-10-14 10:55,1642781.0,VND,SerpAPI Google Flights,current_observed,A
414,A_20261005_082834,VN209_HAN_SGN_20261014T0900,2026-10-05T08:28:38.087597+07:00,2026-10-05,8,2026-10-14,9,HAN,SGN,Vietnam Airlines,VN 209,2026-10-14 09:00,2026-10-14 11:10,2186181.0,VND,SerpAPI Google Flights,current_observed,A
387,A_20261005_082834,9G825_HAN_SGN_20261014T0925,2026-10-05T08:28:38.087597+07:00,2026-10-05,8,2026-10-14,9,HAN,SGN,Sun PhuQuoc Airways,9G 825,2026-10-14 09:25,2026-10-14 11:35,1575181.0,VND,SerpAPI Google Flights,current_observed,A
381,A_20261005_082834,VU775_HAN_SGN_20261014T0950,2026-10-05T08:28:38.087597+07:00,2026-10-05,8,2026-10-14,9,HAN,SGN,Vietravel Airlines,VU 775,2026-10-14 09:50,2026-10-14 12:00,1374621.0,VND,SerpAPI Google Flights,current_observed,A
415,A_20261005_082834,VN247_HAN_SGN_20261014T1000,2026-10-05T08:28:38.087597+07:00,2026-10-05,8,2026-10-14,9,HAN,SGN,Vietnam Airlines,VN 247,2026-10-14 10:00,2026-10-14 12:10,2186181.0,VND,SerpAPI Google Flights,current_observed,A
404,A_20261005_082834,VJ131_HAN_SGN_20261014T1010,2026-10-05T08:28:38.087597+07:00,2026-10-05,8,2026-10-14,9,HAN,SGN,Vietjet,VJ 131,2026-10-14 10:10,2026-10-14 12:20,1772381.0,VND,SerpAPI Google Flights,current_observed,A
416,A_20261005_082834,VN211_HAN_SGN_20261014T1100,2026-10-05T08:28:38.087597+07:00,2026-10-05,8,2026-10-14,9,HAN,SGN,Vietnam Airlines,VN 211,2026-10-14 11:00,2026-10-14 13:10,2186181.0,VND,SerpAPI Google Flights,current_observed,A
393,A_20261005_082834,VJ133_HAN_SGN_20261014T1120,2026-10-05T08:28:38.087597+07:00,2026-10-05,8,2026-10-14,9,HAN,SGN,Vietjet,VJ 133,2026-10-14 11:20,2026-10-14 13:30,1642781.0,VND,SerpAPI Google Flights,current_observed,A
417,A_20261005_082834,VN251_HAN_SGN_20261014T1200,2026-10-05T08:28:38.087597+07:00,2026-10-05,8,2026-10-14,9,HAN,SGN,Vietnam Airlines,VN 251,2026-10-14 12:00,2026-10-14 14:10,2186181.0,VND,SerpAPI Google Flights,current_observed,A
394,A_20261005_082834,VJ137_HAN_SGN_20261014T1220,2026-10-05T08:28:38.087597+07:00,2026-10-05,8,2026-10-14,9,HAN,SGN,Vietjet,VJ 137,2026-10-14 12:20,2026-10-14 14:30,1642781.0,VND,SerpAPI Google Flights,current_observed,A
388,A_20261005_082834,9G841_HAN_SGN_20261014T1225,2026-10-05T08:28:38.087597+07:00,2026-10-05,8,2026-10-14,9,HAN,SGN,Sun PhuQuoc Airways,9G 841,2026-10-14 12:25,2026-10-14 14:35,1575181.0,VND,SerpAPI Google Flights,current_observed,A
418,A_20261005_082834,VN213_HAN_SGN_20261014T1300,2026-10-05T08:28:38.087597+07:00,2026-10-05,8,2026-10-14,9,HAN,SGN,Vietnam Airlines,VN 213,2026-10-14 13:00,2026-10-14 15:10,2186181.0,VND,SerpAPI Google Flights,current_observed,A
389,A_20261005_082834,9G843_HAN_SGN_20261014T1310,2026-10-05T08:28:38.087597+07:00,2026-10-05,8,2026-10-14,9,HAN,SGN,Sun PhuQuoc Airways,9G 843,2026-10-14 13:10,2026-10-14 15:20,1575181.0,VND,SerpAPI Google Flights,current_observed,A
419,A_20261005_082834,VN253_HAN_SGN_20261014T1400,2026-10-05T08:28:38.087597+07:00,2026-10-05,8,2026-10-14,9,HAN,SGN,Vietnam Airlines,VN 253,2026-10-14 14:00,2026-10-14 16:10,2186181.0,VND,SerpAPI Google Flights,current_observed,A
395,A_20261005_082834,VJ143_HAN_SGN_20261014T1405,2026-10-05T08:28:38.087597+07:00,2026-10-05,8,2026-10-14,9,HAN,SGN,Vietjet,VJ 143,2026-10-14 14:05,2026-10-14 16:15,1642781.0,VND,SerpAPI Google Flights,current_observed,A
362,A_20261005_082834,VJ141_HAN_SGN_20261014T1430,2026-10-05T08:28:38.087597+07:00,2026-10-05,8,2026-10-14,9,HAN,SGN,Vietjet,VJ 141,2026-10-14 14:30,2026-10-14 16:40,1231301.0,VND,SerpAPI Google Flights,current_observed,A
390,A_20261005_082834,9G845_HAN_SGN_20261014T1430,2026-10-05T08:28:38.087597+07:00,2026-10-05,8,2026-10-14,9,HAN,SGN,Sun PhuQuoc Airways,9G 845,2026-10-14 14:30,2026-10-14 16:40,1575181.0,VND,SerpAPI Google Flights,current_observed,A
370,A_20261005_082834,VJ145_HAN_SGN_20261014T1440,2026-10-05T08:28:38.087597+07:00,2026-10-05,8,2026-10-14,9,HAN,SGN,Vietjet,VJ 145,2026-10-14 14:40,2026-10-14 16:50,1231301.0,VND,SerpAPI Google Flights,current_observed,A
420,A_20261005_082834,VN215_HAN_SGN_20261014T1500,2026-10-05T08:28:38.087597+07:00,2026-10-05,8,2026-10-14,9,HAN,SGN,Vietnam Airlines,VN 215,2026-10-14 15:00,2026-10-14 17:10,2186181.0,VND,SerpAPI Google Flights,current_observed,A
402,A_20261005_082834,9G855_HAN_SGN_20261014T1530,2026-10-05T08:28:38.087597+07:00,2026-10-05,8,2026-10-14,9,HAN,SGN,Sun PhuQuoc Airways,9G 855,2026-10-14 15:30,2026-10-14 17:40,1737181.0,VND,SerpAPI Google Flights,current_observed,A
405,A_20261005_082834,VJ147_HAN_SGN_20261014T1545,2026-10-05T08:28:38.087597+07:00,2026-10-05,8,2026-10-14,9,HAN,SGN,Vietjet,VJ 147,2026-10-14 15:45,2026-10-14 17:55,1772381.0,VND,SerpAPI Google Flights,current_observed,A
408,A_20261005_082834,VN273_HAN_SGN_20261014T1600,2026-10-05T08:28:38.087597+07:00,2026-10-05,8,2026-10-14,9,HAN,SGN,Vietnam Airlines,VN 273,2026-10-14 16:00,2026-10-14 18:10,1949181.0,VND,SerpAPI Google Flights,current_observed,A
396,A_20261005_082834,VJ151_HAN_SGN_20261014T1700,2026-10-05T08:28:38.087597+07:00,2026-10-05,8,2026-10-14,9,HAN,SGN,Vietjet,VJ 151,2026-10-14 17:00,2026-10-14 19:10,1642781.0,VND,SerpAPI Google Flights,current_observed,A
409,A_20261005_082834,VN217_HAN_SGN_20261014T1700,2026-10-05T08:28:38.087597+07:00,2026-10-05,8,2026-10-14,9,HAN,SGN,Vietnam Airlines,VN 217,2026-10-14 17:00,2026-10-14 19:10,1949181.0,VND,SerpAPI Google Flights,current_observed,A
363,A_20261005_082834,9G863_HAN_SGN_20261014T1715,2026-10-05T08:28:38.087597+07:00,2026-10-05,8,2026-10-14,9,HAN,SGN,Sun PhuQuoc Airways,9G 863,2026-10-14 17:15,2026-10-14 19:25,1381181.0,VND,SerpAPI Google Flights,current_observed,A
410,A_20261005_082834,VN257_HAN_SGN_20261014T1730,2026-10-05T08:28:38.087597+07:00,2026-10-05,8,2026-10-14,9,HAN,SGN,Vietnam Airlines,VN 257,2026-10-14 17:30,2026-10-14 19:45,1949181.0,VND,SerpAPI Google Flights,current_observed,A
371,A_20261005_082834,VJ1125_HAN_SGN_20261014T1800,2026-10-05T08:28:38.087597+07:00,2026-10-05,8,2026-10-14,9,HAN,SGN,Vietjet,VJ 1125,2026-10-14 18:00,2026-10-14 20:10,1231301.0,VND,SerpAPI Google Flights,current_observed,A
411,A_20261005_082834,VN259_HAN_SGN_20261014T1800,2026-10-05T08:28:38.087597+07:00,2026-10-05,8,2026-10-14,9,HAN,SGN,Vietnam Airlines,VN 259,2026-10-14 18:00,2026-10-14 20:10,1949181.0,VND,SerpAPI Google Flights,current_observed,A
372,A_20261005_082834,VJ1157_HAN_SGN_20261014T1805,2026-10-05T08:28:38.087597+07:00,2026-10-05,8,2026-10-14,9,HAN,SGN,Vietjet,VJ 1157,2026-10-14 18:05,2026-10-14 20:10,1231301.0,VND,SerpAPI Google Flights,current_observed,A
403,A_20261005_082834,9G869_HAN_SGN_20261014T1845,2026-10-05T08:28:38.087597+07:00,2026-10-05,8,2026-10-14,9,HAN,SGN,Sun PhuQuoc Airways,9G 869,2026-10-14 18:45,2026-10-14 20:55,1737181.0,VND,SerpAPI Google Flights,current_observed,A
373,A_20261005_082834,VJ155_HAN_SGN_20261014T1855,2026-10-05T08:28:38.087597+07:00,2026-10-05,8,2026-10-14,9,HAN,SGN,Vietjet,VJ 155,2026-10-14 18:55,2026-10-14 21:05,1231301.0,VND,SerpAPI Google Flights,current_observed,A
398,A_20261005_082834,VN219_HAN_SGN_20261014T1900,2026-10-05T08:28:38.087597+07:00,2026-10-05,8,2026-10-14,9,HAN,SGN,Vietnam Airlines,VN 219,2026-10-14 19:00,2026-10-14 21:10,1722181.0,VND,SerpAPI Google Flights,current_observed,A
384,A_20261005_082834,9G871_HAN_SGN_20261014T1915,2026-10-05T08:28:38.087597+07:00,2026-10-05,8,2026-10-14,9,HAN,SGN,Sun PhuQuoc Airways,9G 871,2026-10-14 19:15,2026-10-14 21:25,1381181.0,VND,SerpAPI Google Flights,current_observed,A
374,A_20261005_082834,VJ1127_HAN_SGN_20261014T1920,2026-10-05T08:28:38.087597+07:00,2026-10-05,8,2026-10-14,9,HAN,SGN,Vietjet,VJ 1127,2026-10-14 19:20,2026-10-14 21:30,1231301.0,VND,SerpAPI Google Flights,current_observed,A
385,A_20261005_082834,9G873_HAN_SGN_20261014T1955,2026-10-05T08:28:38.087597+07:00,2026-10-05,8,2026-10-14,9,HAN,SGN,Sun PhuQuoc Airways,9G 873,2026-10-14 19:55,2026-10-14 22:05,1381181.0,VND,SerpAPI Google Flights,current_observed,A
378,A_20261005_082834,VU787_HAN_SGN_20261014T2000,2026-10-05T08:28:38.087597+07:00,2026-10-05,8,2026-10-14,9,HAN,SGN,Vietravel Airlines,VU 787,2026-10-14 20:00,2026-10-14 22:10,1234221.0,VND,SerpAPI Google Flights,current_observed,A
399,A_20261005_082834,VN263_HAN_SGN_20261014T2000,2026-10-05T08:28:38.087597+07:00,2026-10-05,8,2026-10-14,9,HAN,SGN,Vietnam Airlines,VN 263,2026-10-14 20:00,2026-10-14 22:10,1722181.0,VND,SerpAPI Google Flights,current_observed,A
375,A_20261005_082834,VJ159_HAN_SGN_20261014T2010,2026-10-05T08:28:38.087597+07:00,2026-10-05,8,2026-10-14,9,HAN,SGN,Vietjet,VJ 159,2026-10-14 20:10,2026-10-14 22:20,1231301.0,VND,SerpAPI Google Flights,current_observed,A
400,A_20261005_082834,VN265_HAN_SGN_20261014T2030,2026-10-05T08:28:38.087597+07:00,2026-10-05,8,2026-10-14,9,HAN,SGN,Vietnam Airlines,VN 265,2026-10-14 20:30,2026-10-14 22:45,1722181.0,VND,SerpAPI Google Flights,current_observed,A
376,A_20261005_082834,VJ161_HAN_SGN_20261014T2055,2026-10-05T08:28:38.087597+07:00,2026-10-05,8,2026-10-14,9,HAN,SGN,Vietjet,VJ 161,2026-10-14 20:55,2026-10-14 23:05,1231301.0,VND,SerpAPI Google Flights,current_observed,A
401,A_20261005_082834,VN221_HAN_SGN_20261014T2100,2026-10-05T08:28:38.087597+07:00,2026-10-05,8,2026-10-14,9,HAN,SGN,Vietnam Airlines,VN 221,2026-10-14 21:00,2026-10-14 23:10,1722181.0,VND,SerpAPI Google Flights,current_observed,A
422,A_20261005_082834,9G881_HAN_SGN_20261014T2105,2026-10-05T08:28:38.087597+07:00,2026-10-05,8,2026-10-14,9,HAN,SGN,Sun PhuQuoc Airways,9G 881,2026-10-14 21:05,2026-10-14 23:15,5385181.0,VND,SerpAPI Google Flights,current_observed,A
377,A_20261005_082834,VJ163_HAN_SGN_20261014T2125,2026-10-05T08:28:38.087597+07:00,2026-10-05,8,2026-10-14,9,HAN,SGN,Vietjet,VJ 163,2026-10-14 21:25,2026-10-14 23:35,1231301.0,VND,SerpAPI Google Flights,current_observed,A
360,A_20261005_082834,VU779_HAN_SGN_20261014T2155,2026-10-05T08:28:38.087597+07:00,2026-10-05,8,2026-10-14,9,HAN,SGN,Vietravel Airlines,VU 779,2026-10-14 21:55,2026-10-15 00:05,1083021.0,VND,SerpAPI Google Flights,current_observed,A
386,A_20261005_082834,9G883_HAN_SGN_20261014T2155,2026-10-05T08:28:38.087597+07:00,2026-10-05,8,2026-10-14,9,HAN,SGN,Sun PhuQuoc Airways,9G 883,2026-10-14 21:55,2026-10-15 00:05,1381181.0,VND,SerpAPI Google Flights,current_observed,A
379,A_20261005_082834,VN267_HAN_SGN_20261014T2200,2026-10-05T08:28:38.087597+07:00,2026-10-05,8,2026-10-14,9,HAN,SGN,Vietnam Airlines,VN 267,2026-10-14 22:00,2026-10-15 00:10,1290181.0,VND,SerpAPI Google Flights,current_observed,A
397,A_20261005_082834,VJ167_HAN_SGN_20261014T2245,2026-10-05T08:28:38.087597+07:00,2026-10-05,8,2026-10-14,9,HAN,SGN,Vietjet,VJ 167,2026-10-14 22:45,2026-10-15 00:55,1642781.0,VND,SerpAPI Google Flights,current_observed,A
361,A_20261005_082834,VN6025_HAN_SGN_20261014T2255,2026-10-05T08:28:38.087597+07:00,2026-10-05,8,2026-10-14,9,HAN,SGN,Vietnam Airlines,VN 6025,2026-10-14 22:55,2026-10-15 01:10,1182181.0,VND,SerpAPI Google Flights,current_observed,A
421,A_20261005_082834,VJ169_HAN_SGN_20261014T2325,2026-10-05T08:28:38.087597+07:00,2026-10-05,8,2026-10-14,9,HAN,SGN,Vietjet,VJ 169,2026-10-14 23:25,2026-10-15 01:35,2236781.0,VND,SerpAPI Google Flights,current_observed,A
449,A_20261005_082834,VN106_SGN_DAD_20261014T0545,2026-10-05T08:28:40.747321+07:00,2026-10-05,8,2026-10-14,9,SGN,DAD,Vietnam Airlines,VN 106,2026-10-14 05:45,2026-10-14 07:05,1376181.0,VND,SerpAPI Google Flights,current_observed,A
450,A_20261005_082834,VN110_SGN_DAD_20261014T0645,2026-10-05T08:28:40.747321+07:00,2026-10-05,8,2026-10-14,9,SGN,DAD,Vietnam Airlines,VN 110,2026-10-14 06:45,2026-10-14 08:05,1376181.0,VND,SerpAPI Google Flights,current_observed,A
431,A_20261005_082834,9G956_SGN_DAD_20261014T0705,2026-10-05T08:28:40.747321+07:00,2026-10-05,8,2026-10-14,9,SGN,DAD,Sun PhuQuoc Airways,9G 956,2026-10-14 07:05,2026-10-14 08:30,906181.0,VND,SerpAPI Google Flights,current_observed,A
436,A_20261005_082834,VJ632_SGN_DAD_20261014T0730,2026-10-05T08:28:40.747321+07:00,2026-10-05,8,2026-10-14,9,SGN,DAD,Vietjet,VJ 632,2026-10-14 07:30,2026-10-14 08:50,1210781.0,VND,SerpAPI Google Flights,current_observed,A
439,A_20261005_082834,VN112_SGN_DAD_20261014T0800,2026-10-05T08:28:40.747321+07:00,2026-10-05,8,2026-10-14,9,SGN,DAD,Vietnam Airlines,VN 112,2026-10-14 08:00,2026-10-14 09:20,1225181.0,VND,SerpAPI Google Flights,current_observed,A
428,A_20261005_082834,VU672_SGN_DAD_20261014T0850,2026-10-05T08:28:40.747321+07:00,2026-10-05,8,2026-10-14,9,SGN,DAD,Vietravel Airlines,VU 672,2026-10-14 08:50,2026-10-14 10:15,715821.0,VND,SerpAPI Google Flights,current_observed,A
435,A_20261005_082834,VJ630_SGN_DAD_20261014T0900,2026-10-05T08:28:40.747321+07:00,2026-10-05,8,2026-10-14,9,SGN,DAD,Vietjet,VJ 630,2026-10-14 09:00,2026-10-14 10:20,994781.0,VND,SerpAPI Google Flights,current_observed,A
440,A_20261005_082834,VN118_SGN_DAD_20261014T0905,2026-10-05T08:28:40.747321+07:00,2026-10-05,8,2026-10-14,9,SGN,DAD,Vietnam Airlines,VN 118,2026-10-14 09:05,2026-10-14 10:25,1225181.0,VND,SerpAPI Google Flights,current_observed,A
441,A_20261005_082834,VN122_SGN_DAD_20261014T1000,2026-10-05T08:28:40.747321+07:00,2026-10-05,8,2026-10-14,9,SGN,DAD,Vietnam Airlines,VN 122,2026-10-14 10:00,2026-10-14 11:20,1225181.0,VND,SerpAPI Google Flights,current_observed,A
427,A_20261005_082834,QH154_SGN_DAD_20261014T1005,2026-10-05T08:28:40.747321+07:00,2026-10-05,8,2026-10-14,9,SGN,DAD,Bamboo Airways,QH 154,2026-10-14 10:05,2026-10-14 11:30,,VND,SerpAPI Google Flights,current_observed,A
448,A_20261005_082834,VJ634_SGN_DAD_20261014T1045,2026-10-05T08:28:40.747321+07:00,2026-10-05,8,2026-10-14,9,SGN,DAD,Vietjet,VJ 634,2026-10-14 10:45,2026-10-14 12:05,1340381.0,VND,SerpAPI Google Flights,current_observed,A
442,A_20261005_082834,VN126_SGN_DAD_20261014T1100,2026-10-05T08:28:40.747321+07:00,2026-10-05,8,2026-10-14,9,SGN,DAD,Vietnam Airlines,VN 126,2026-10-14 11:00,2026-10-14 12:20,1225181.0,VND,SerpAPI Google Flights,current_observed,A
451,A_20261005_082834,VN6036_SGN_DAD_20261014T1145,2026-10-05T08:28:40.747321+07:00,2026-10-05,8,2026-10-14,9,SGN,DAD,Vietnam Airlines,VN 6036,2026-10-14 11:45,2026-10-14 13:15,1384181.0,VND,SerpAPI Google Flights,current_observed,A
425,A_20261005_082834,VJ636_SGN_DAD_20261014T1300,2026-10-05T08:28:40.747321+07:00,2026-10-05,8,2026-10-14,9,SGN,DAD,Vietjet,VJ 636,2026-10-14 13:00,2026-10-14 14:20,742061.0,VND,SerpAPI Google Flights,current_observed,A
423,A_20261005_082834,VU678_SGN_DAD_20261014T1320,2026-10-05T08:28:40.747321+07:00,2026-10-05,8,2026-10-14,9,SGN,DAD,Vietravel Airlines,VU 678,2026-10-14 13:20,2026-10-14 14:45,715821.0,VND,SerpAPI Google Flights,current_observed,A
443,A_20261005_082834,VN132_SGN_DAD_20261014T1325,2026-10-05T08:28:40.747321+07:00,2026-10-05,8,2026-10-14,9,SGN,DAD,Vietnam Airlines,VN 132,2026-10-14 13:25,2026-10-14 14:45,1225181.0,VND,SerpAPI Google Flights,current_observed,A
429,A_20261005_082834,VJ638_SGN_DAD_20261014T1330,2026-10-05T08:28:40.747321+07:00,2026-10-05,8,2026-10-14,9,SGN,DAD,Vietjet,VJ 638,2026-10-14 13:30,2026-10-14 14:50,742061.0,VND,SerpAPI Google Flights,current_observed,A
452,A_20261005_082834,VJ640_SGN_DAD_20261014T1510,2026-10-05T08:28:40.747321+07:00,2026-10-05,8,2026-10-14,9,SGN,DAD,Vietjet,VJ 640,2026-10-14 15:10,2026-10-14 16:30,1480781.0,VND,SerpAPI Google Flights,current_observed,A
444,A_20261005_082834,VN134_SGN_DAD_20261014T1530,2026-10-05T08:28:40.747321+07:00,2026-10-05,8,2026-10-14,9,SGN,DAD,Vietnam Airlines,VN 134,2026-10-14 15:30,2026-10-14 16:50,1225181.0,VND,SerpAPI Google Flights,current_observed,A
445,A_20261005_082834,VN136_SGN_DAD_20261014T1600,2026-10-05T08:28:40.747321+07:00,2026-10-05,8,2026-10-14,9,SGN,DAD,Vietnam Airlines,VN 136,2026-10-14 16:00,2026-10-14 17:20,1225181.0,VND,SerpAPI Google Flights,current_observed,A
446,A_20261005_082834,VN140_SGN_DAD_20261014T1645,2026-10-05T08:28:40.747321+07:00,2026-10-05,8,2026-10-14,9,SGN,DAD,Vietnam Airlines,VN 140,2026-10-14 16:45,2026-10-14 18:05,1225181.0,VND,SerpAPI Google Flights,current_observed,A
426,A_20261005_082834,9G978_SGN_DAD_20261014T1730,2026-10-05T08:28:40.747321+07:00,2026-10-05,8,2026-10-14,9,SGN,DAD,Sun PhuQuoc Airways,9G 978,2026-10-14 17:30,2026-10-14 18:55,906181.0,VND,SerpAPI Google Flights,current_observed,A
424,A_20261005_082834,VU684_SGN_DAD_20261014T1820,2026-10-05T08:28:40.747321+07:00,2026-10-05,8,2026-10-14,9,SGN,DAD,Vietravel Airlines,VU 684,2026-10-14 18:20,2026-10-14 19:45,715821.0,VND,SerpAPI Google Flights,current_observed,A
437,A_20261005_082834,VJ642_SGN_DAD_20261014T1830,2026-10-05T08:28:40.747321+07:00,2026-10-05,8,2026-10-14,9,SGN,DAD,Vietjet,VJ 642,2026-10-14 18:30,2026-10-14 19:50,1210781.0,VND,SerpAPI Google Flights,current_observed,A
447,A_20261005_082834,VN142_SGN_DAD_20261014T1855,2026-10-05T08:28:40.747321+07:00,2026-10-05,8,2026-10-14,9,SGN,DAD,Vietnam Airlines,VN 142,2026-10-14 18:55,2026-10-14 20:30,1225181.0,VND,SerpAPI Google Flights,current_observed,A
432,A_20261005_082834,9G984_SGN_DAD_20261014T1900,2026-10-05T08:28:40.747321+07:00,2026-10-05,8,2026-10-14,9,SGN,DAD,Sun PhuQuoc Airways,9G 984,2026-10-14 19:00,2026-10-14 20:25,906181.0,VND,SerpAPI Google Flights,current_observed,A
438,A_20261005_082834,VJ644_SGN_DAD_20261014T1920,2026-10-05T08:28:40.747321+07:00,2026-10-05,8,2026-10-14,9,SGN,DAD,Vietjet,VJ 644,2026-10-14 19:20,2026-10-14 20:40,1210781.0,VND,SerpAPI Google Flights,current_observed,A
434,A_20261005_082834,VN146_SGN_DAD_20261014T1935,2026-10-05T08:28:40.747321+07:00,2026-10-05,8,2026-10-14,9,SGN,DAD,Vietnam Airlines,VN 146,2026-10-14 19:35,2026-10-14 21:00,988181.0,VND,SerpAPI Google Flights,current_observed,A
433,A_20261005_082834,9G988_SGN_DAD_20261014T2005,2026-10-05T08:28:40.747321+07:00,2026-10-05,8,2026-10-14,9,SGN,DAD,Sun PhuQuoc Airways,9G 988,2026-10-14 20:05,2026-10-14 21:30,906181.0,VND,SerpAPI Google Flights,current_observed,A
430,A_20261005_082834,VJ652_SGN_DAD_20261014T2110,2026-10-05T08:28:40.747321+07:00,2026-10-05,8,2026-10-14,9,SGN,DAD,Vietjet,VJ 652,2026-10-14 21:10,2026-10-14 22:30,742061.0,VND,SerpAPI Google Flights,current_observed,A
456,A_20261005_082834,QH101_HAN_DAD_20261014T0540,2026-10-05T08:28:44.465792+07:00,2026-10-05,8,2026-10-14,9,HAN,DAD,Bamboo Airways,QH 101,2026-10-14 05:40,2026-10-14 07:05,,VND,SerpAPI Google Flights,current_observed,A
458,A_20261005_082834,VJ501_HAN_DAD_20261014T0540,2026-10-05T08:28:44.465792+07:00,2026-10-05,8,2026-10-14,9,HAN,DAD,Vietjet,VJ 501,2026-10-14 05:40,2026-10-14 07:00,742061.0,VND,SerpAPI Google Flights,current_observed,A
457,A_20261005_082834,VU635_HAN_DAD_20261014T0615,2026-10-05T08:28:44.465792+07:00,2026-10-05,8,2026-10-14,9,HAN,DAD,Vietravel Airlines,VU 635,2026-10-14 06:15,2026-10-14 07:40,715821.0,VND,SerpAPI Google Flights,current_observed,A
471,A_20261005_082834,9G905_HAN_DAD_20261014T0615,2026-10-05T08:28:44.465792+07:00,2026-10-05,8,2026-10-14,9,HAN,DAD,Sun PhuQuoc Airways,9G 905,2026-10-14 06:15,2026-10-14 07:35,1165181.0,VND,SerpAPI Google Flights,current_observed,A
468,A_20261005_082834,VN159_HAN_DAD_20261014T0650,2026-10-05T08:28:44.465792+07:00,2026-10-05,8,2026-10-14,9,HAN,DAD,Vietnam Airlines,VN 159,2026-10-14 06:50,2026-10-14 08:15,998181.0,VND,SerpAPI Google Flights,current_observed,A
463,A_20261005_082834,9G907_HAN_DAD_20261014T0705,2026-10-05T08:28:44.465792+07:00,2026-10-05,8,2026-10-14,9,HAN,DAD,Sun PhuQuoc Airways,9G 907,2026-10-14 07:05,2026-10-14 08:25,906181.0,VND,SerpAPI Google Flights,current_observed,A
472,A_20261005_082834,VJ503_HAN_DAD_20261014T0730,2026-10-05T08:28:44.465792+07:00,2026-10-05,8,2026-10-14,9,HAN,DAD,Vietjet,VJ 503,2026-10-14 07:30,2026-10-14 08:50,1210781.0,VND,SerpAPI Google Flights,current_observed,A
475,A_20261005_082834,VN163_HAN_DAD_20261014T0745,2026-10-05T08:28:44.465792+07:00,2026-10-05,8,2026-10-14,9,HAN,DAD,Vietnam Airlines,VN 163,2026-10-14 07:45,2026-10-14 09:10,1214181.0,VND,SerpAPI Google Flights,current_observed,A
470,A_20261005_082834,VN6081_HAN_DAD_20261014T0815,2026-10-05T08:28:44.465792+07:00,2026-10-05,8,2026-10-14,9,HAN,DAD,Vietnam Airlines,VN 6081,2026-10-14 08:15,2026-10-14 09:45,1117181.0,VND,SerpAPI Google Flights,current_observed,A
473,A_20261005_082834,VJ505_HAN_DAD_20261014T0905,2026-10-05T08:28:44.465792+07:00,2026-10-05,8,2026-10-14,9,HAN,DAD,Vietjet,VJ 505,2026-10-14 09:05,2026-10-14 10:25,1210781.0,VND,SerpAPI Google Flights,current_observed,A
483,A_20261005_082834,VN165_HAN_DAD_20261014T0935,2026-10-05T08:28:44.465792+07:00,2026-10-05,8,2026-10-14,9,HAN,DAD,Vietnam Airlines,VN 165,2026-10-14 09:35,2026-10-14 11:00,1376181.0,VND,SerpAPI Google Flights,current_observed,A
469,A_20261005_082834,9G911_HAN_DAD_20261014T1020,2026-10-05T08:28:44.465792+07:00,2026-10-05,8,2026-10-14,9,HAN,DAD,Sun PhuQuoc Airways,9G 911,2026-10-14 10:20,2026-10-14 11:40,1014181.0,VND,SerpAPI Google Flights,current_observed,A
484,A_20261005_082834,VN167_HAN_DAD_20261014T1055,2026-10-05T08:28:44.465792+07:00,2026-10-05,8,2026-10-14,9,HAN,DAD,Vietnam Airlines,VN 167,2026-10-14 10:55,2026-10-14 12:20,1376181.0,VND,SerpAPI Google Flights,current_observed,A
466,A_20261005_082834,VJ507_HAN_DAD_20261014T1110,2026-10-05T08:28:44.465792+07:00,2026-10-05,8,2026-10-14,9,HAN,DAD,Vietjet,VJ 507,2026-10-14 11:10,2026-10-14 12:30,994781.0,VND,SerpAPI Google Flights,current_observed,A
485,A_20261005_082834,VN171_HAN_DAD_20261014T1145,2026-10-05T08:28:44.465792+07:00,2026-10-05,8,2026-10-14,9,HAN,DAD,Vietnam Airlines,VN 171,2026-10-14 11:45,2026-10-14 13:10,1376181.0,VND,SerpAPI Google Flights,current_observed,A
486,A_20261005_082834,VN169_HAN_DAD_20261014T1150,2026-10-05T08:28:44.465792+07:00,2026-10-05,8,2026-10-14,9,HAN,DAD,Vietnam Airlines,VN 169,2026-10-14 11:50,2026-10-14 13:15,1376181.0,VND,SerpAPI Google Flights,current_observed,A
467,A_20261005_082834,VJ515_HAN_DAD_20261014T1210,2026-10-05T08:28:44.465792+07:00,2026-10-05,8,2026-10-14,9,HAN,DAD,Vietjet,VJ 515,2026-10-14 12:10,2026-10-14 13:30,994781.0,VND,SerpAPI Google Flights,current_observed,A
476,A_20261005_082834,VN161_HAN_DAD_20261014T1240,2026-10-05T08:28:44.465792+07:00,2026-10-05,8,2026-10-14,9,HAN,DAD,Vietnam Airlines,VN 161,2026-10-14 12:40,2026-10-14 14:05,1214181.0,VND,SerpAPI Google Flights,current_observed,A
455,A_20261005_082834,9G923_HAN_DAD_20261014T1315,2026-10-05T08:28:44.465792+07:00,2026-10-05,8,2026-10-14,9,HAN,DAD,Sun PhuQuoc Airways,9G 923,2026-10-14 13:15,2026-10-14 14:35,906181.0,VND,SerpAPI Google Flights,current_observed,A
477,A_20261005_082834,VN7051_HAN_DAD_20261014T1350,2026-10-05T08:28:44.465792+07:00,2026-10-05,8,2026-10-14,9,HAN,DAD,Vietnam Airlines,VN 7051,2026-10-14 13:50,2026-10-14 15:15,1214181.0,VND,SerpAPI Google Flights,current_observed,A
454,A_20261005_082834,VJ525_HAN_DAD_20261014T1405,2026-10-05T08:28:44.465792+07:00,2026-10-05,8,2026-10-14,9,HAN,DAD,Vietjet,VJ 525,2026-10-14 14:05,2026-10-14 15:30,742061.0,VND,SerpAPI Google Flights,current_observed,A
474,A_20261005_082834,VJ1505_HAN_DAD_20261014T1435,2026-10-05T08:28:44.465792+07:00,2026-10-05,8,2026-10-14,9,HAN,DAD,Vietjet,VJ 1505,2026-10-14 14:35,2026-10-14 15:55,1210781.0,VND,SerpAPI Google Flights,current_observed,A
478,A_20261005_082834,VN173_HAN_DAD_20261014T1435,2026-10-05T08:28:44.465792+07:00,2026-10-05,8,2026-10-14,9,HAN,DAD,Vietnam Airlines,VN 173,2026-10-14 14:35,2026-10-14 16:00,1214181.0,VND,SerpAPI Google Flights,current_observed,A
464,A_20261005_082834,9G925_HAN_DAD_20261014T1510,2026-10-05T08:28:44.465792+07:00,2026-10-05,8,2026-10-14,9,HAN,DAD,Sun PhuQuoc Airways,9G 925,2026-10-14 15:10,2026-10-14 16:30,906181.0,VND,SerpAPI Google Flights,current_observed,A
479,A_20261005_082834,VN179_HAN_DAD_20261014T1605,2026-10-05T08:28:44.465792+07:00,2026-10-05,8,2026-10-14,9,HAN,DAD,Vietnam Airlines,VN 179,2026-10-14 16:05,2026-10-14 17:30,1214181.0,VND,SerpAPI Google Flights,current_observed,A
480,A_20261005_082834,VN177_HAN_DAD_20261014T1610,2026-10-05T08:28:44.465792+07:00,2026-10-05,8,2026-10-14,9,HAN,DAD,Vietnam Airlines,VN 177,2026-10-14 16:10,2026-10-14 17:35,1214181.0,VND,SerpAPI Google Flights,current_observed,A
488,A_20261005_082834,9G927_HAN_DAD_20261014T1615,2026-10-05T08:28:44.465792+07:00,2026-10-05,8,2026-10-14,9,HAN,DAD,Sun PhuQuoc Airways,9G 927,2026-10-14 16:15,2026-10-14 17:35,1424181.0,VND,SerpAPI Google Flights,current_observed,A
459,A_20261005_082834,VJ1511_HAN_DAD_20261014T1635,2026-10-05T08:28:44.465792+07:00,2026-10-05,8,2026-10-14,9,HAN,DAD,Vietjet,VJ 1511,2026-10-14 16:35,2026-10-14 17:55,742061.0,VND,SerpAPI Google Flights,current_observed,A
453,A_20261005_082834,VU639_HAN_DAD_20261014T1655,2026-10-05T08:28:44.465792+07:00,2026-10-05,8,2026-10-14,9,HAN,DAD,Vietravel Airlines,VU 639,2026-10-14 16:55,2026-10-14 18:20,715821.0,VND,SerpAPI Google Flights,current_observed,A
487,A_20261005_082834,VN187_HAN_DAD_20261014T1725,2026-10-05T08:28:44.465792+07:00,2026-10-05,8,2026-10-14,9,HAN,DAD,Vietnam Airlines,VN 187,2026-10-14 17:25,2026-10-14 18:50,1376181.0,VND,SerpAPI Google Flights,current_observed,A
460,A_20261005_082834,VJ517_HAN_DAD_20261014T1745,2026-10-05T08:28:44.465792+07:00,2026-10-05,8,2026-10-14,9,HAN,DAD,Vietjet,VJ 517,2026-10-14 17:45,2026-10-14 19:05,742061.0,VND,SerpAPI Google Flights,current_observed,A
490,A_20261005_082834,VN6071_HAN_DAD_20261014T1820,2026-10-05T08:28:44.465792+07:00,2026-10-05,8,2026-10-14,9,HAN,DAD,Vietnam Airlines,VN 6071,2026-10-14 18:20,2026-10-14 19:50,2497181.0,VND,SerpAPI Google Flights,current_observed,A
461,A_20261005_082834,VJ521_HAN_DAD_20261014T1845,2026-10-05T08:28:44.465792+07:00,2026-10-05,8,2026-10-14,9,HAN,DAD,Vietjet,VJ 521,2026-10-14 18:45,2026-10-14 20:05,742061.0,VND,SerpAPI Google Flights,current_observed,A
462,A_20261005_082834,VJ519_HAN_DAD_20261014T1925,2026-10-05T08:28:44.465792+07:00,2026-10-05,8,2026-10-14,9,HAN,DAD,Vietjet,VJ 519,2026-10-14 19:25,2026-10-14 20:45,742061.0,VND,SerpAPI Google Flights,current_observed,A
489,A_20261005_082834,9G935_HAN_DAD_20261014T1930,2026-10-05T08:28:44.465792+07:00,2026-10-05,8,2026-10-14,9,HAN,DAD,Sun PhuQuoc Airways,9G 935,2026-10-14 19:30,2026-10-14 20:50,1424181.0,VND,SerpAPI Google Flights,current_observed,A
465,A_20261005_082834,9G939_HAN_DAD_20261014T2020,2026-10-05T08:28:44.465792+07:00,2026-10-05,8,2026-10-14,9,HAN,DAD,Sun PhuQuoc Airways,9G 939,2026-10-14 20:20,2026-10-14 21:40,906181.0,VND,SerpAPI Google Flights,current_observed,A
481,A_20261005_082834,VN199_HAN_DAD_20261014T2025,2026-10-05T08:28:44.465792+07:00,2026-10-05,8,2026-10-14,9,HAN,DAD,Vietnam Airlines,VN 199,2026-10-14 20:25,2026-10-14 21:50,1214181.0,VND,SerpAPI Google Flights,current_observed,A
482,A_20261005_082834,VN7197_HAN_DAD_20261014T2035,2026-10-05T08:28:44.465792+07:00,2026-10-05,8,2026-10-14,9,HAN,DAD,Vietnam Airlines,VN 7197,2026-10-14 20:35,2026-10-14 22:00,1214181.0,VND,SerpAPI Google Flights,current_observed,A
492,A_20261005_082834,VN1380_SGN_DLI_20261014T0550,2026-10-05T08:28:47.470785+07:00,2026-10-05,8,2026-10-14,9,SGN,DLI,Vietnam Airlines,VN 1380,2026-10-14 05:50,2026-10-14 06:45,923181.0,VND,SerpAPI Google Flights,current_observed,A
491,A_20261005_082834,VN6170_SGN_DLI_20261014T0700,2026-10-05T08:28:47.470785+07:00,2026-10-05,8,2026-10-14,9,SGN,DLI,Vietnam Airlines,VN 6170,2026-10-14 07:00,2026-10-14 07:55,870181.0,VND,SerpAPI Google Flights,current_observed,A
496,A_20261005_082834,VN1382_SGN_DLI_20261014T1020,2026-10-05T08:28:47.470785+07:00,2026-10-05,8,2026-10-14,9,SGN,DLI,Vietnam Airlines,VN 1382,2026-10-14 10:20,2026-10-14 11:15,1903181.0,VND,SerpAPI Google Flights,current_observed,A
495,A_20261005_082834,VN7388_SGN_DLI_20261014T1405,2026-10-05T08:28:47.470785+07:00,2026-10-05,8,2026-10-14,9,SGN,DLI,Vietnam Airlines,VN 7388,2026-10-14 14:05,2026-10-14 15:00,1096181.0,VND,SerpAPI Google Flights,current_observed,A
494,A_20261005_082834,VJ362_SGN_DLI_20261014T1435,2026-10-05T08:28:47.470785+07:00,2026-10-05,8,2026-10-14,9,SGN,DLI,Vietjet,VJ 362,2026-10-14 14:35,2026-10-14 15:30,994781.0,VND,SerpAPI Google Flights,current_observed,A
493,A_20261005_082834,VN1386_SGN_DLI_20261014T1730,2026-10-05T08:28:47.470785+07:00,2026-10-05,8,2026-10-14,9,SGN,DLI,Vietnam Airlines,VN 1386,2026-10-14 17:30,2026-10-14 18:25,923181.0,VND,SerpAPI Google Flights,current_observed,A
501,A_20261005_082834,VN1573_HAN_DLI_20261014T0655,2026-10-05T08:28:52.214368+07:00,2026-10-05,8,2026-10-14,9,HAN,DLI,Vietnam Airlines,VN 1573,2026-10-14 06:55,2026-10-14 08:50,1646181.0,VND,SerpAPI Google Flights,current_observed,A
500,A_20261005_082834,VJ403_HAN_DLI_20261014T1025,2026-10-05T08:28:52.214368+07:00,2026-10-05,8,2026-10-14,9,HAN,DLI,Vietjet,VJ 403,2026-10-14 10:25,2026-10-14 12:15,1642781.0,VND,SerpAPI Google Flights,current_observed,A
502,A_20261005_082834,VN1575_HAN_DLI_20261014T1130,2026-10-05T08:28:52.214368+07:00,2026-10-05,8,2026-10-14,9,HAN,DLI,Vietnam Airlines,VN 1575,2026-10-14 11:30,2026-10-14 13:25,1646181.0,VND,SerpAPI Google Flights,current_observed,A
498,A_20261005_082834,VJ407_HAN_DLI_20261014T1400,2026-10-05T08:28:52.214368+07:00,2026-10-05,8,2026-10-14,9,HAN,DLI,Vietjet,VJ 407,2026-10-14 14:00,2026-10-14 15:50,1426781.0,VND,SerpAPI Google Flights,current_observed,A
499,A_20261005_082834,VJ405_HAN_DLI_20261014T1540,2026-10-05T08:28:52.214368+07:00,2026-10-05,8,2026-10-14,9,HAN,DLI,Vietjet,VJ 405,2026-10-14 15:40,2026-10-14 17:30,1426781.0,VND,SerpAPI Google Flights,current_observed,A
497,A_20261005_082834,VU1283_HAN_DLI_20261014T1720,2026-10-05T08:28:52.214368+07:00,2026-10-05,8,2026-10-14,9,HAN,DLI,Vietravel Airlines,VU 1283,2026-10-14 17:20,2026-10-14 19:15,1083021.0,VND,SerpAPI Google Flights,current_observed,A
515,A_20261005_082834,9G1955_SGN_PQC_20261014T0705,2026-10-05T08:28:59.561164+07:00,2026-10-05,8,2026-10-14,9,SGN,PQC,Sun PhuQuoc Airways,9G 1955,2026-10-14 07:05,2026-10-14 08:05,873181.0,VND,SerpAPI Google Flights,current_observed,A
506,A_20261005_082834,VJ339_SGN_PQC_20261014T0750,2026-10-05T08:28:59.561164+07:00,2026-10-05,8,2026-10-14,9,SGN,PQC,Vietjet,VJ 339,2026-10-14 07:50,2026-10-14 08:50,711821.0,VND,SerpAPI Google Flights,current_observed,A
512,A_20261005_082834,VN1823_SGN_PQC_20261014T0805,2026-10-05T08:28:59.561164+07:00,2026-10-05,8,2026-10-14,9,SGN,PQC,Vietnam Airlines,VN 1823,2026-10-14 08:05,2026-10-14 09:00,815181.0,VND,SerpAPI Google Flights,current_observed,A
521,A_20261005_082834,VJ321_SGN_PQC_20261014T0850,2026-10-05T08:28:59.561164+07:00,2026-10-05,8,2026-10-14,9,SGN,PQC,Vietjet,VJ 321,2026-10-14 08:50,2026-10-14 09:55,1480781.0,VND,SerpAPI Google Flights,current_observed,A
520,A_20261005_082834,VJ337_SGN_PQC_20261014T0910,2026-10-05T08:28:59.561164+07:00,2026-10-05,8,2026-10-14,9,SGN,PQC,Vietjet,VJ 337,2026-10-14 09:10,2026-10-14 10:10,1210781.0,VND,SerpAPI Google Flights,current_observed,A
516,A_20261005_082834,9G1963_SGN_PQC_20261014T0940,2026-10-05T08:28:59.561164+07:00,2026-10-05,8,2026-10-14,9,SGN,PQC,Sun PhuQuoc Airways,9G 1963,2026-10-14 09:40,2026-10-14 10:40,873181.0,VND,SerpAPI Google Flights,current_observed,A
513,A_20261005_082834,VN1825_SGN_PQC_20261014T1025,2026-10-05T08:28:59.561164+07:00,2026-10-05,8,2026-10-14,9,SGN,PQC,Vietnam Airlines,VN 1825,2026-10-14 10:25,2026-10-14 11:25,815181.0,VND,SerpAPI Google Flights,current_observed,A
517,A_20261005_082834,9G1965_SGN_PQC_20261014T1035,2026-10-05T08:28:59.561164+07:00,2026-10-05,8,2026-10-14,9,SGN,PQC,Sun PhuQuoc Airways,9G 1965,2026-10-14 10:35,2026-10-14 11:35,873181.0,VND,SerpAPI Google Flights,current_observed,A
511,A_20261005_082834,VJ335_SGN_PQC_20261014T1120,2026-10-05T08:28:59.561164+07:00,2026-10-05,8,2026-10-14,9,SGN,PQC,Vietjet,VJ 335,2026-10-14 11:20,2026-10-14 12:20,776621.0,VND,SerpAPI Google Flights,current_observed,A
507,A_20261005_082834,VJ1327_SGN_PQC_20261014T1135,2026-10-05T08:28:59.561164+07:00,2026-10-05,8,2026-10-14,9,SGN,PQC,Vietjet,VJ 1327,2026-10-14 11:35,2026-10-14 12:40,711821.0,VND,SerpAPI Google Flights,current_observed,A
518,A_20261005_082834,9G1969_SGN_PQC_20261014T1135,2026-10-05T08:28:59.561164+07:00,2026-10-05,8,2026-10-14,9,SGN,PQC,Sun PhuQuoc Airways,9G 1969,2026-10-14 11:35,2026-10-14 12:35,873181.0,VND,SerpAPI Google Flights,current_observed,A
503,A_20261005_082834,VJ1329_SGN_PQC_20261014T1200,2026-10-05T08:28:59.561164+07:00,2026-10-05,8,2026-10-14,9,SGN,PQC,Vietjet,VJ 1329,2026-10-14 12:00,2026-10-14 13:00,711821.0,VND,SerpAPI Google Flights,current_observed,A
504,A_20261005_082834,VN1827_SGN_PQC_20261014T1305,2026-10-05T08:28:59.561164+07:00,2026-10-05,8,2026-10-14,9,SGN,PQC,Vietnam Airlines,VN 1827,2026-10-14 13:05,2026-10-14 14:00,815181.0,VND,SerpAPI Google Flights,current_observed,A
508,A_20261005_082834,VJ1321_SGN_PQC_20261014T1345,2026-10-05T08:28:59.561164+07:00,2026-10-05,8,2026-10-14,9,SGN,PQC,Vietjet,VJ 1321,2026-10-14 13:45,2026-10-14 14:50,711821.0,VND,SerpAPI Google Flights,current_observed,A
509,A_20261005_082834,VJ325_SGN_PQC_20261014T1425,2026-10-05T08:28:59.561164+07:00,2026-10-05,8,2026-10-14,9,SGN,PQC,Vietjet,VJ 325,2026-10-14 14:25,2026-10-14 15:35,711821.0,VND,SerpAPI Google Flights,current_observed,A
510,A_20261005_082834,VJ327_SGN_PQC_20261014T1450,2026-10-05T08:28:59.561164+07:00,2026-10-05,8,2026-10-14,9,SGN,PQC,Vietjet,VJ 327,2026-10-14 14:50,2026-10-14 15:50,711821.0,VND,SerpAPI Google Flights,current_observed,A
505,A_20261005_082834,VN1829_SGN_PQC_20261014T1530,2026-10-05T08:28:59.561164+07:00,2026-10-05,8,2026-10-14,9,SGN,PQC,Vietnam Airlines,VN 1829,2026-10-14 15:30,2026-10-14 16:30,815181.0,VND,SerpAPI Google Flights,current_observed,A
519,A_20261005_082834,9G1985_SGN_PQC_20261014T1820,2026-10-05T08:28:59.561164+07:00,2026-10-05,8,2026-10-14,9,SGN,PQC,Sun PhuQuoc Airways,9G 1985,2026-10-14 18:20,2026-10-14 19:20,873181.0,VND,SerpAPI Google Flights,current_observed,A
514,A_20261005_082834,VN1835_SGN_PQC_20261014T2030,2026-10-05T08:28:59.561164+07:00,2026-10-05,8,2026-10-14,9,SGN,PQC,Vietnam Airlines,VN 1835,2026-10-14 20:30,2026-10-14 21:30,815181.0,VND,SerpAPI Google Flights,current_observed,A
526,A_20261005_082834,VJ449_HAN_PQC_20261014T0630,2026-10-05T08:29:04.093991+07:00,2026-10-05,8,2026-10-14,9,HAN,PQC,Vietjet,VJ 449,2026-10-14 06:30,2026-10-14 08:35,1187021.0,VND,SerpAPI Google Flights,current_observed,A
522,A_20261005_082834,9G1207_HAN_PQC_20261014T0715,2026-10-05T08:29:04.093991+07:00,2026-10-05,8,2026-10-14,9,HAN,PQC,Sun PhuQuoc Airways,9G 1207,2026-10-14 07:15,2026-10-14 09:20,1154181.0,VND,SerpAPI Google Flights,current_observed,A
523,A_20261005_082834,9G1209_HAN_PQC_20261014T0810,2026-10-05T08:29:04.093991+07:00,2026-10-05,8,2026-10-14,9,HAN,PQC,Sun PhuQuoc Airways,9G 1209,2026-10-14 08:10,2026-10-14 10:15,1154181.0,VND,SerpAPI Google Flights,current_observed,A
531,A_20261005_082834,VJ447_HAN_PQC_20261014T0845,2026-10-05T08:29:04.093991+07:00,2026-10-05,8,2026-10-14,9,HAN,PQC,Vietjet,VJ 447,2026-10-14 08:45,2026-10-14 10:50,1772381.0,VND,SerpAPI Google Flights,current_observed,A
524,A_20261005_082834,9G1221_HAN_PQC_20261014T1025,2026-10-05T08:29:04.093991+07:00,2026-10-05,8,2026-10-14,9,HAN,PQC,Sun PhuQuoc Airways,9G 1221,2026-10-14 10:25,2026-10-14 12:30,1154181.0,VND,SerpAPI Google Flights,current_observed,A
532,A_20261005_082834,VN1233_HAN_PQC_20261014T1110,2026-10-05T08:29:04.093991+07:00,2026-10-05,8,2026-10-14,9,HAN,PQC,Vietnam Airlines,VN 1233,2026-10-14 11:10,2026-10-14 13:20,1981181.0,VND,SerpAPI Google Flights,current_observed,A
525,A_20261005_082834,VJ451_HAN_PQC_20261014T1145,2026-10-05T08:29:04.093991+07:00,2026-10-05,8,2026-10-14,9,HAN,PQC,Vietjet,VJ 451,2026-10-14 11:45,2026-10-14 13:55,1187021.0,VND,SerpAPI Google Flights,current_observed,A
528,A_20261005_082834,9G1223_HAN_PQC_20261014T1150,2026-10-05T08:29:04.093991+07:00,2026-10-05,8,2026-10-14,9,HAN,PQC,Sun PhuQuoc Airways,9G 1223,2026-10-14 11:50,2026-10-14 13:55,1435181.0,VND,SerpAPI Google Flights,current_observed,A
529,A_20261005_082834,VJ453_HAN_PQC_20261014T1300,2026-10-05T08:29:04.093991+07:00,2026-10-05,8,2026-10-14,9,HAN,PQC,Vietjet,VJ 453,2026-10-14 13:00,2026-10-14 15:05,1642781.0,VND,SerpAPI Google Flights,current_observed,A
530,A_20261005_082834,VJ441_HAN_PQC_20261014T1645,2026-10-05T08:29:04.093991+07:00,2026-10-05,8,2026-10-14,9,HAN,PQC,Vietjet,VJ 441,2026-10-14 16:45,2026-10-14 18:50,1642781.0,VND,SerpAPI Google Flights,current_observed,A
527,A_20261005_082834,VJ455_HAN_PQC_20261014T2005,2026-10-05T08:29:04.093991+07:00,2026-10-05,8,2026-10-14,9,HAN,PQC,Vietjet,VJ 455,2026-10-14 20:05,2026-10-14 22:10,1187021.0,VND,SerpAPI Google Flights,current_observed,A
